gapRank,queuePriorityRank,acquisitionRank,promotionReadiness,claimBoundary,actionType,profileKey,court,targetFamily,coverageStatus,roadmapSourceFile,roadmapProfileKey,roadmapCourtOrSystem,period,roadmapTargetFamily,targetKey,neededObservedValue,neededDenominator,preferredSources,validationUseIfDocumented,notes,recommendedAcquisition
10,10,1,contextual-source-documentation,"contextual source surface, not validation-family gap",source-promotion,gallup-court-confidence-2024,U.S. Supreme Court,political-context,stress-only,config/research/empirical-target-roadmap.csv,us-scotus-modern,U.S. Supreme Court,2000-2025,legitimacy,public_trust,share expressing confidence,survey sample denominator,Gallup; Annenberg; Pew,false,Contextual only unless linked to simulated publicTrust not case outcomes.,use as supporting roadmap context after higher-priority candidate verification
15,15,1,contextual-source-documentation,"contextual source surface, not validation-family gap",source-acquisition,scdb-modern-merits-2000-2024,U.S. Supreme Court,political-context,missing,config/research/empirical-target-roadmap.csv,us-scotus-modern,U.S. Supreme Court,2000-2025,legitimacy,public_trust,share expressing confidence,survey sample denominator,Gallup; Annenberg; Pew,false,Contextual only unless linked to simulated publicTrust not case outcomes.,collect as contextual source unless a direct simulator analogue can be documented
16,16,1,contextual-source-documentation,"contextual source surface, not validation-family gap",source-acquisition,scotus-emergency-2024-2025,U.S. Supreme Court,political-context,missing,config/research/empirical-target-roadmap.csv,us-scotus-modern,U.S. Supreme Court,2000-2025,legitimacy,public_trust,share expressing confidence,survey sample denominator,Gallup; Annenberg; Pew,false,Contextual only unless linked to simulated publicTrust not case outcomes.,collect as contextual source unless a direct simulator analogue can be documented
20,20,1,source-acquisition-needed,no registered source candidate,source-acquisition,canada-charter-dialogue-1982-2007,Supreme Court of Canada,remedy-timing,missing,config/research/empirical-target-roadmap.csv,canada-scc,Supreme Court of Canada,2000-2025,dialogic_review,suspended_declaration_rate,suspended declarations,total Charter invalidity declarations,SCC judgments database; Charter invalidation datasets,true,Needed for suspendedDeclarationRate and legislativeResponseCredibility.,collect URL denominator coding rule and construction note for validation promotion review
21,21,1,source-acquisition-needed,no registered source candidate,source-acquisition,canada-scc-2024,Supreme Court of Canada,legislative-response,missing,config/research/empirical-target-roadmap.csv,canada-scc,Supreme Court of Canada,2000-2025,legislative_response,response_after_declaration,statutory response events,total declarations needing response,Parliamentary records; provincial legislative records,false,Must distinguish acceptance response from override and nonresponse.,collect as contextual source unless a direct simulator analogue can be documented
22,22,1,source-acquisition-needed,no registered source candidate,source-acquisition,canada-scc-2024,Supreme Court of Canada,remedy-timing,missing,config/research/empirical-target-roadmap.csv,canada-scc,Supreme Court of Canada,2000-2025,dialogic_review,suspended_declaration_rate,suspended declarations,total Charter invalidity declarations,SCC judgments database; Charter invalidation datasets,true,Needed for suspendedDeclarationRate and legislativeResponseCredibility.,collect URL denominator coding rule and construction note for validation promotion review
23,23,1,source-acquisition-needed,no registered source candidate,source-acquisition,canada-scc-recent,Supreme Court of Canada,legislative-response,missing,config/research/empirical-target-roadmap.csv,canada-scc,Supreme Court of Canada,2000-2025,legislative_response,response_after_declaration,statutory response events,total declarations needing response,Parliamentary records; provincial legislative records,false,Must distinguish acceptance response from override and nonresponse.,collect as contextual source unless a direct simulator analogue can be documented
24,24,1,source-acquisition-needed,no registered source candidate,source-acquisition,canada-scc-recent,Supreme Court of Canada,remedy-timing,missing,config/research/empirical-target-roadmap.csv,canada-scc,Supreme Court of Canada,2000-2025,dialogic_review,suspended_declaration_rate,suspended declarations,total Charter invalidity declarations,SCC judgments database; Charter invalidation datasets,true,Needed for suspendedDeclarationRate and legislativeResponseCredibility.,collect URL denominator coding rule and construction note for validation promotion review
25,25,1,source-acquisition-needed,no registered source candidate,source-acquisition,france-conseil-qpc,French Constitutional Council,case-selection,missing,config/research/empirical-target-roadmap.csv,france-conseil,French Constitutional Council,2010-2025,pre_enactment_review,pre_enactment_review_rate,pre-promulgation referrals,total constitutional matters,Conseil constitutionnel annual statistics,true,Separate ex ante review from QPC concrete review.,collect URL denominator coding rule and construction note for validation promotion review
25,25,2,source-acquisition-needed,no registered source candidate,source-acquisition,france-conseil-qpc,French Constitutional Council,case-selection,missing,config/research/empirical-target-roadmap.csv,france-conseil,French Constitutional Council,2010-2025,abstract_review,qpc_decision_outcome_rate,QPC unconstitutional findings,total QPC decisions,Conseil constitutionnel QPC statistics,true,Maps to abstract or concrete council review depending coding.,collect URL denominator coding rule and construction note for validation promotion review
26,26,1,source-acquisition-needed,no registered source candidate,source-acquisition,gallup-court-confidence-2024,U.S. Supreme Court,case-selection,missing,config/research/empirical-target-roadmap.csv,us-scotus-modern,U.S. Supreme Court,2020-2026,case_selection,intake_acceptance_rate,grants or noted probable jurisdiction,total docketed review petitions,Supreme Court Journal; Court annual reports,true,Use as certiorari/intake target rather than review outcome validation.,collect URL denominator coding rule and construction note for validation promotion review
27,27,1,source-acquisition-needed,no registered source candidate,source-acquisition,gallup-court-confidence-2024,U.S. Supreme Court,compliance,missing,config/research/empirical-target-roadmap.csv,us-scotus-modern,U.S. Supreme Court,2000-2025,compliance,executive_implementation_rate,implemented federal-government losses,total federal-government losses,agency implementation studies; Congressional Research Service; agency rulemaking dockets,false,Needs case-matched implementation coding before validation use.,collect as contextual source unless a direct simulator analogue can be documented
28,28,1,source-acquisition-needed,no registered source candidate,source-acquisition,gallup-court-confidence-2024,U.S. Supreme Court,doctrine-mix,missing,config/research/empirical-target-roadmap.csv,us-scotus-modern,U.S. Supreme Court,2000-2025,docket_mix,doctrine_share_by_area,case counts by issue/doctrine,total merits cases by period,Supreme Court Database issue-area data; Supreme Court Journal,false,Convert to config/calibration rows only when doctrine coding and denominators are archived.,collect as contextual source unless a direct simulator analogue can be documented
29,29,1,source-acquisition-needed,no registered source candidate,source-acquisition,gallup-court-confidence-2024,U.S. Supreme Court,emergency,missing,config/research/empirical-target-roadmap.csv,us-scotus-modern,U.S. Supreme Court,2020-2026,emergency_docket,emergency_relief_rate,substantive emergency grants,total emergency applications,SCOTUSblog emergency docket summaries; Supreme Court orders lists,true,Separate interim relief from later merits disposition.,collect URL denominator coding rule and construction note for validation promotion review
30,30,1,source-acquisition-needed,no registered source candidate,source-acquisition,gallup-court-confidence-2024,U.S. Supreme Court,merits,missing,config/research/empirical-target-roadmap.csv,us-scotus-modern,U.S. Supreme Court,2000-2025,review_activity,merits_invalidation_rate,constitutional invalidations,total constitutional merits cases,Supreme Court Database decision direction and declaration-unconstitutional fields,true,Requires direct mapping from case issue coding to simulator meritsInvalidationRate.,collect URL denominator coding rule and construction note for validation promotion review
31,31,1,source-acquisition-needed,no registered source candidate,source-acquisition,germany-bverfg-2024,German Federal Constitutional Court,case-selection,missing,config/research/empirical-target-roadmap.csv,germany-bverfg,German Federal Constitutional Court,2000-2025,procedure,abstract_review_frequency,abstract review matters,total matters or constitutional-review matters,BVerfG annual statistics,true,Maps to abstractReviewRate only if filing categories are aligned.,collect URL denominator coding rule and construction note for validation promotion review
31,31,2,source-acquisition-needed,no registered source candidate,source-acquisition,germany-bverfg-2024,German Federal Constitutional Court,case-selection,missing,config/research/empirical-target-roadmap.csv,germany-bverfg,German Federal Constitutional Court,2000-2025,case_selection,complaint_success_rate,successful constitutional complaints,total constitutional complaints,BVerfG annual statistics,true,Needed to replace broad synthesis rows with denominator-backed targets.,collect URL denominator coding rule and construction note for validation promotion review
32,32,1,source-acquisition-needed,no registered source candidate,source-acquisition,germany-bverfg-2024,German Federal Constitutional Court,compliance,missing,config/research/empirical-target-roadmap.csv,germany-bverfg,German Federal Constitutional Court,2000-2025,compliance,implementation_follow_up_rate,implemented or legislatively corrected decisions,total decisions requiring follow-up,official annual reports; German law journals,false,Needs reproducible case list and coding rule.,collect as contextual source unless a direct simulator analogue can be documented
33,33,1,source-acquisition-needed,no registered source candidate,source-acquisition,scdb-modern-merits-2000-2024,U.S. Supreme Court,case-selection,missing,config/research/empirical-target-roadmap.csv,us-scotus-modern,U.S. Supreme Court,2020-2026,case_selection,intake_acceptance_rate,grants or noted probable jurisdiction,total docketed review petitions,Supreme Court Journal; Court annual reports,true,Use as certiorari/intake target rather than review outcome validation.,collect URL denominator coding rule and construction note for validation promotion review
34,34,1,source-acquisition-needed,no registered source candidate,source-acquisition,scdb-modern-merits-2000-2024,U.S. Supreme Court,compliance,missing,config/research/empirical-target-roadmap.csv,us-scotus-modern,U.S. Supreme Court,2000-2025,compliance,executive_implementation_rate,implemented federal-government losses,total federal-government losses,agency implementation studies; Congressional Research Service; agency rulemaking dockets,false,Needs case-matched implementation coding before validation use.,collect as contextual source unless a direct simulator analogue can be documented
35,35,1,source-acquisition-needed,no registered source candidate,source-acquisition,scdb-modern-merits-2000-2024,U.S. Supreme Court,emergency,missing,config/research/empirical-target-roadmap.csv,us-scotus-modern,U.S. Supreme Court,2020-2026,emergency_docket,emergency_relief_rate,substantive emergency grants,total emergency applications,SCOTUSblog emergency docket summaries; Supreme Court orders lists,true,Separate interim relief from later merits disposition.,collect URL denominator coding rule and construction note for validation promotion review
36,36,1,source-acquisition-needed,no registered source candidate,source-acquisition,scdb-modern-merits-2000-2024,U.S. Supreme Court,merits,missing,config/research/empirical-target-roadmap.csv,us-scotus-modern,U.S. Supreme Court,2000-2025,review_activity,merits_invalidation_rate,constitutional invalidations,total constitutional merits cases,Supreme Court Database decision direction and declaration-unconstitutional fields,true,Requires direct mapping from case issue coding to simulator meritsInvalidationRate.,collect URL denominator coding rule and construction note for validation promotion review
37,37,1,source-acquisition-needed,no registered source candidate,source-acquisition,scotus-emergency-2024-2025,U.S. Supreme Court,case-selection,missing,config/research/empirical-target-roadmap.csv,us-scotus-modern,U.S. Supreme Court,2020-2026,case_selection,intake_acceptance_rate,grants or noted probable jurisdiction,total docketed review petitions,Supreme Court Journal; Court annual reports,true,Use as certiorari/intake target rather than review outcome validation.,collect URL denominator coding rule and construction note for validation promotion review
38,38,1,source-acquisition-needed,no registered source candidate,source-acquisition,scotus-emergency-2024-2025,U.S. Supreme Court,compliance,missing,config/research/empirical-target-roadmap.csv,us-scotus-modern,U.S. Supreme Court,2000-2025,compliance,executive_implementation_rate,implemented federal-government losses,total federal-government losses,agency implementation studies; Congressional Research Service; agency rulemaking dockets,false,Needs case-matched implementation coding before validation use.,collect as contextual source unless a direct simulator analogue can be documented
39,39,1,source-acquisition-needed,no registered source candidate,source-acquisition,scotus-emergency-2024-2025,U.S. Supreme Court,doctrine-mix,missing,config/research/empirical-target-roadmap.csv,us-scotus-modern,U.S. Supreme Court,2000-2025,docket_mix,doctrine_share_by_area,case counts by issue/doctrine,total merits cases by period,Supreme Court Database issue-area data; Supreme Court Journal,false,Convert to config/calibration rows only when doctrine coding and denominators are archived.,collect as contextual source unless a direct simulator analogue can be documented
40,40,1,source-acquisition-needed,no registered source candidate,source-acquisition,scotus-emergency-2024-2025,U.S. Supreme Court,merits,missing,config/research/empirical-target-roadmap.csv,us-scotus-modern,U.S. Supreme Court,2000-2025,review_activity,merits_invalidation_rate,constitutional invalidations,total constitutional merits cases,Supreme Court Database decision direction and declaration-unconstitutional fields,true,Requires direct mapping from case issue coding to simulator meritsInvalidationRate.,collect URL denominator coding rule and construction note for validation promotion review
41,41,1,source-acquisition-needed,no registered source candidate,source-acquisition,south-africa-constcourt-recent,Constitutional Court of South Africa,compliance,missing,config/research/empirical-target-roadmap.csv,south-africa-constcourt,Constitutional Court of South Africa,2000-2025,compliance,local_government_compliance_rate,complied local-government orders,total local-government orders,Constitutional Court monitoring reports; implementation scholarship,false,Needs case-level coding and clear time horizon.,collect as contextual source unless a direct simulator analogue can be documented
42,42,1,source-acquisition-needed,no registered source candidate,source-acquisition,south-africa-constcourt-recent,Constitutional Court of South Africa,remedy-timing,missing,config/research/empirical-target-roadmap.csv,south-africa-constcourt,Constitutional Court of South Africa,2000-2025,remedy,suspended_order_rate,suspended invalidity or structural remedy orders,total constitutional invalidations,SAFLII; Constitutional Court annual reports,true,Useful for suspended declarations and implementation capacity.,collect URL denominator coding rule and construction note for validation promotion review
