profile,context,scenario,runs,runsWithoutEmergencyOrders,runsWithoutLegislativeResponses,emergencyOrders,ordersWithReasons,meritsFollowUps,pooledReasonsPerOrder,pooledFollowUpPerOrder,legislativeResponses,timelyResponses,pooledTimelyPerResponse
frozen-generator,baseline,current-federal-court,120,0,120,3880,80,0,0.020618556701030927,0.0,0,0,
frozen-generator,baseline,reasoned-emergency-review,120,1,120,735,640,735,0.8707482993197279,1.0,0,0,
frozen-generator,baseline,constitutional-council,120,0,120,1333,949,181,0.7119279819954989,0.13578394598649662,0,0,
frozen-generator,baseline,weak-form-review,120,0,0,1334,913,201,0.684407796101949,0.15067466266866567,3068,187,0.06095176010430248
frozen-generator,baseline,reasoned-with-fast-procedure,120,0,120,3932,663,0,0.16861648016276704,0.0,0,0,
frozen-generator,baseline,council-with-full-court-structure,120,0,120,1310,944,193,0.7206106870229008,0.14732824427480917,0,0,
frozen-generator,baseline,weak-form-half-response,120,0,0,1314,901,194,0.6856925418569254,0.1476407914764079,1523,0,0.0
frozen-generator,baseline,weak-form-no-response,120,0,120,1325,940,200,0.7094339622641509,0.1509433962264151,0,0,
frozen-generator,emergencyPressure-low,current-federal-court,120,0,120,583,13,0,0.022298456260720412,0.0,0,0,
frozen-generator,emergencyPressure-low,reasoned-emergency-review,120,118,120,2,1,2,0.5,1.0,0,0,
frozen-generator,emergencyPressure-low,constitutional-council,120,117,120,3,3,2,1.0,0.6666666666666666,0,0,
frozen-generator,emergencyPressure-low,weak-form-review,120,117,0,3,3,2,1.0,0.6666666666666666,3295,278,0.08437025796661608
frozen-generator,emergencyPressure-low,reasoned-with-fast-procedure,120,0,120,667,120,0,0.17991004497751126,0.0,0,0,
frozen-generator,emergencyPressure-low,council-with-full-court-structure,120,117,120,3,2,3,0.6666666666666666,1.0,0,0,
frozen-generator,emergencyPressure-low,weak-form-half-response,120,117,0,3,2,2,0.6666666666666666,0.6666666666666666,1661,0,0.0
frozen-generator,emergencyPressure-low,weak-form-no-response,120,116,120,4,2,2,0.5,0.5,0,0,
frozen-generator,emergencyPressure-high,current-federal-court,120,0,120,9508,220,0,0.023138409760201935,0.0,0,0,
frozen-generator,emergencyPressure-high,reasoned-emergency-review,120,0,120,7534,6594,7534,0.8752322803291744,1.0,0,0,
frozen-generator,emergencyPressure-high,constitutional-council,120,0,120,8199,5925,1173,0.7226491035492133,0.14306622758873033,0,0,
frozen-generator,emergencyPressure-high,weak-form-review,120,0,0,8217,5747,1179,0.6994036753072898,0.14348302300109528,1875,21,0.0112
frozen-generator,emergencyPressure-high,reasoned-with-fast-procedure,120,0,120,9516,1654,0,0.17381252627154267,0.0,0,0,
frozen-generator,emergencyPressure-high,council-with-full-court-structure,120,0,120,8242,5986,1173,0.7262800291191458,0.14231982528512496,0,0,
frozen-generator,emergencyPressure-high,weak-form-half-response,120,0,0,8248,5682,1180,0.688894277400582,0.14306498545101842,948,0,0.0
frozen-generator,emergencyPressure-high,weak-form-no-response,120,0,120,8248,5730,1176,0.694713870029098,0.1425800193986421,0,0,
frozen-generator,rightsThreatRate-low,current-federal-court,120,0,120,3981,73,0,0.01833710123084652,0.0,0,0,
frozen-generator,rightsThreatRate-low,reasoned-emergency-review,120,0,120,761,674,761,0.885676741130092,1.0,0,0,
frozen-generator,rightsThreatRate-low,constitutional-council,120,0,120,1397,1003,131,0.717967072297781,0.09377236936292055,0,0,
frozen-generator,rightsThreatRate-low,weak-form-review,120,0,0,1311,889,131,0.6781083142639207,0.09992372234935164,1816,140,0.07709251101321586
frozen-generator,rightsThreatRate-low,reasoned-with-fast-procedure,120,0,120,4002,684,0,0.17091454272863568,0.0,0,0,
frozen-generator,rightsThreatRate-low,council-with-full-court-structure,120,0,120,1362,978,140,0.7180616740088106,0.1027900146842878,0,0,
frozen-generator,rightsThreatRate-low,weak-form-half-response,120,0,0,1370,960,137,0.7007299270072993,0.1,956,0,0.0
frozen-generator,rightsThreatRate-low,weak-form-no-response,120,0,120,1322,917,139,0.6936459909228442,0.10514372163388805,0,0,
frozen-generator,rightsThreatRate-high,current-federal-court,120,0,120,4082,107,0,0.02621264086232239,0.0,0,0,
frozen-generator,rightsThreatRate-high,reasoned-emergency-review,120,0,120,827,718,827,0.8681983071342201,1.0,0,0,
frozen-generator,rightsThreatRate-high,constitutional-council,120,0,120,1408,1045,364,0.7421875,0.2585227272727273,0,0,
frozen-generator,rightsThreatRate-high,weak-form-review,120,0,0,1371,975,358,0.7111597374179431,0.2611232676878191,5230,195,0.0372848948374761
frozen-generator,rightsThreatRate-high,reasoned-with-fast-procedure,120,0,120,4108,702,0,0.17088607594936708,0.0,0,0,
frozen-generator,rightsThreatRate-high,council-with-full-court-structure,120,0,120,1410,1065,341,0.7553191489361702,0.24184397163120566,0,0,
frozen-generator,rightsThreatRate-high,weak-form-half-response,120,0,0,1389,1002,360,0.7213822894168467,0.2591792656587473,2662,0,0.0
frozen-generator,rightsThreatRate-high,weak-form-no-response,120,0,120,1387,989,351,0.7130497476568133,0.25306416726748376,0,0,
frozen-generator,appointmentPolarization-low,current-federal-court,120,0,120,4031,93,0,0.02307119821384272,0.0,0,0,
frozen-generator,appointmentPolarization-low,reasoned-emergency-review,120,1,120,724,636,724,0.8784530386740331,1.0,0,0,
frozen-generator,appointmentPolarization-low,constitutional-council,120,0,120,1336,962,190,0.7200598802395209,0.14221556886227546,0,0,
frozen-generator,appointmentPolarization-low,weak-form-review,120,0,0,1354,941,194,0.6949778434268833,0.1432791728212703,3066,182,0.0593607305936073
frozen-generator,appointmentPolarization-low,reasoned-with-fast-procedure,120,0,120,3976,677,0,0.17027162977867202,0.0,0,0,
frozen-generator,appointmentPolarization-low,council-with-full-court-structure,120,0,120,1283,950,184,0.7404520654715511,0.14341387373343725,0,0,
frozen-generator,appointmentPolarization-low,weak-form-half-response,120,0,0,1315,936,198,0.711787072243346,0.1505703422053232,1587,0,0.0
frozen-generator,appointmentPolarization-low,weak-form-no-response,120,0,120,1347,942,206,0.6993318485523385,0.15293244246473645,0,0,
frozen-generator,appointmentPolarization-high,current-federal-court,120,0,120,3946,102,0,0.025848960973137353,0.0,0,0,
frozen-generator,appointmentPolarization-high,reasoned-emergency-review,120,0,120,781,681,781,0.8719590268886044,1.0,0,0,
frozen-generator,appointmentPolarization-high,constitutional-council,120,0,120,1341,985,216,0.7345264727815063,0.1610738255033557,0,0,
frozen-generator,appointmentPolarization-high,weak-form-review,120,0,0,1356,919,221,0.6777286135693216,0.16297935103244837,3200,179,0.0559375
frozen-generator,appointmentPolarization-high,reasoned-with-fast-procedure,120,0,120,4034,697,0,0.17278135845314824,0.0,0,0,
frozen-generator,appointmentPolarization-high,council-with-full-court-structure,120,0,120,1369,1013,188,0.7399561723886048,0.13732651570489407,0,0,
frozen-generator,appointmentPolarization-high,weak-form-half-response,120,0,0,1334,937,211,0.7023988005997002,0.15817091454272864,1590,0,0.0
frozen-generator,appointmentPolarization-high,weak-form-no-response,120,0,120,1373,944,188,0.6875455207574654,0.1369264384559359,0,0,
frozen-generator,legislativeConflict-low,current-federal-court,120,0,120,3925,80,0,0.02038216560509554,0.0,0,0,
frozen-generator,legislativeConflict-low,reasoned-emergency-review,120,0,120,749,664,749,0.8865153538050734,1.0,0,0,
frozen-generator,legislativeConflict-low,constitutional-council,120,0,120,1289,920,194,0.7137315748642359,0.15050426687354537,0,0,
frozen-generator,legislativeConflict-low,weak-form-review,120,0,0,1364,895,191,0.656158357771261,0.14002932551319647,2735,664,0.24277879341864717
frozen-generator,legislativeConflict-low,reasoned-with-fast-procedure,120,0,120,3921,668,0,0.17036470288191788,0.0,0,0,
frozen-generator,legislativeConflict-low,council-with-full-court-structure,120,0,120,1263,946,207,0.7490102929532858,0.16389548693586697,0,0,
frozen-generator,legislativeConflict-low,weak-form-half-response,120,0,0,1297,903,210,0.6962220508866616,0.16191210485736315,1406,0,0.0
frozen-generator,legislativeConflict-low,weak-form-no-response,120,0,120,1307,926,197,0.7084927314460597,0.15072685539403213,0,0,
frozen-generator,legislativeConflict-high,current-federal-court,120,0,120,3903,90,0,0.023059185242121444,0.0,0,0,
frozen-generator,legislativeConflict-high,reasoned-emergency-review,120,0,120,747,639,747,0.8554216867469879,1.0,0,0,
frozen-generator,legislativeConflict-high,constitutional-council,120,0,120,1356,972,194,0.7168141592920354,0.1430678466076696,0,0,
frozen-generator,legislativeConflict-high,weak-form-review,120,0,0,1305,950,202,0.7279693486590039,0.15478927203065135,3358,0,0.0
frozen-generator,legislativeConflict-high,reasoned-with-fast-procedure,120,0,120,3950,662,0,0.16759493670886075,0.0,0,0,
frozen-generator,legislativeConflict-high,council-with-full-court-structure,120,0,120,1306,946,195,0.7243491577335375,0.14931087289433384,0,0,
frozen-generator,legislativeConflict-high,weak-form-half-response,120,0,0,1359,970,199,0.7137601177336277,0.14643119941133187,1672,0,0.0
frozen-generator,legislativeConflict-high,weak-form-no-response,120,0,120,1317,880,200,0.6681852695520122,0.15186028853454822,0,0,
frozen-generator,implementationCapacity-low,current-federal-court,120,0,120,3934,84,0,0.021352313167259787,0.0,0,0,
frozen-generator,implementationCapacity-low,reasoned-emergency-review,120,0,120,730,633,730,0.8671232876712329,1.0,0,0,
frozen-generator,implementationCapacity-low,constitutional-council,120,0,120,1272,917,192,0.7209119496855346,0.1509433962264151,0,0,
frozen-generator,implementationCapacity-low,weak-form-review,120,0,0,1305,915,184,0.7011494252873564,0.1409961685823755,3067,0,0.0
frozen-generator,implementationCapacity-low,reasoned-with-fast-procedure,120,0,120,3925,654,0,0.16662420382165605,0.0,0,0,
frozen-generator,implementationCapacity-low,council-with-full-court-structure,120,0,120,1253,898,195,0.7166799680766162,0.1556264964086193,0,0,
frozen-generator,implementationCapacity-low,weak-form-half-response,120,0,0,1326,920,194,0.693815987933635,0.14630467571644043,1512,0,0.0
frozen-generator,implementationCapacity-low,weak-form-no-response,120,0,120,1298,872,176,0.6718027734976888,0.13559322033898305,0,0,
frozen-generator,implementationCapacity-high,current-federal-court,120,0,120,3999,100,0,0.025006251562890724,0.0,0,0,
frozen-generator,implementationCapacity-high,reasoned-emergency-review,120,0,120,781,680,781,0.8706786171574904,1.0,0,0,
frozen-generator,implementationCapacity-high,constitutional-council,120,0,120,1353,964,202,0.7124907612712491,0.14929785661492978,0,0,
frozen-generator,implementationCapacity-high,weak-form-review,120,0,0,1350,943,183,0.6985185185185185,0.13555555555555557,3069,651,0.21212121212121213
frozen-generator,implementationCapacity-high,reasoned-with-fast-procedure,120,0,120,3986,733,0,0.1838936276969393,0.0,0,0,
frozen-generator,implementationCapacity-high,council-with-full-court-structure,120,0,120,1291,940,178,0.7281177381874516,0.13787761425251743,0,0,
frozen-generator,implementationCapacity-high,weak-form-half-response,120,0,0,1352,953,195,0.7048816568047337,0.14423076923076922,1523,0,0.0
frozen-generator,implementationCapacity-high,weak-form-no-response,120,0,120,1302,921,179,0.7073732718894009,0.13748079877112135,0,0,
frozen-generator,partyFragmentation-low,current-federal-court,120,0,120,3893,77,0,0.01977909067557154,0.0,0,0,
frozen-generator,partyFragmentation-low,reasoned-emergency-review,120,0,120,777,672,777,0.8648648648648649,1.0,0,0,
frozen-generator,partyFragmentation-low,constitutional-council,120,0,120,1276,940,185,0.7366771159874608,0.14498432601880878,0,0,
frozen-generator,partyFragmentation-low,weak-form-review,120,0,0,1287,888,190,0.6899766899766899,0.14763014763014762,2940,960,0.32653061224489793
frozen-generator,partyFragmentation-low,reasoned-with-fast-procedure,120,0,120,3960,630,0,0.1590909090909091,0.0,0,0,
frozen-generator,partyFragmentation-low,council-with-full-court-structure,120,0,120,1313,966,196,0.7357197258187357,0.14927646610814926,0,0,
frozen-generator,partyFragmentation-low,weak-form-half-response,120,0,0,1306,942,179,0.7212863705972435,0.13705972434915772,1502,7,0.004660452729693742
frozen-generator,partyFragmentation-low,weak-form-no-response,120,0,120,1284,869,188,0.676791277258567,0.14641744548286603,0,0,
frozen-generator,partyFragmentation-high,current-federal-court,120,0,120,3906,91,0,0.023297491039426525,0.0,0,0,
frozen-generator,partyFragmentation-high,reasoned-emergency-review,120,0,120,706,631,706,0.8937677053824362,1.0,0,0,
frozen-generator,partyFragmentation-high,constitutional-council,120,0,120,1259,901,211,0.715647339158062,0.1675933280381255,0,0,
frozen-generator,partyFragmentation-high,weak-form-review,120,0,0,1285,881,202,0.6856031128404669,0.15719844357976653,2991,0,0.0
frozen-generator,partyFragmentation-high,reasoned-with-fast-procedure,120,0,120,3910,646,0,0.16521739130434782,0.0,0,0,
frozen-generator,partyFragmentation-high,council-with-full-court-structure,120,0,120,1313,978,209,0.7448591012947449,0.15917745620715917,0,0,
frozen-generator,partyFragmentation-high,weak-form-half-response,120,0,0,1334,922,212,0.6911544227886057,0.15892053973013492,1478,0,0.0
frozen-generator,partyFragmentation-high,weak-form-no-response,120,0,120,1318,902,206,0.6843702579666161,0.15629742033383914,0,0,
recency-weighted-15y,baseline,current-federal-court,120,0,120,3926,95,0,0.024197656647987772,0.0,0,0,
recency-weighted-15y,baseline,reasoned-emergency-review,120,0,120,759,659,759,0.8682476943346509,1.0,0,0,
recency-weighted-15y,baseline,constitutional-council,120,0,120,1331,963,209,0.7235161532682194,0.15702479338842976,0,0,
recency-weighted-15y,baseline,weak-form-review,120,0,0,1369,912,223,0.6661796932067202,0.16289262235208182,2966,162,0.05461901550910317
recency-weighted-15y,baseline,reasoned-with-fast-procedure,120,0,120,3933,673,0,0.17111619628782102,0.0,0,0,
recency-weighted-15y,baseline,council-with-full-court-structure,120,0,120,1356,981,225,0.7234513274336283,0.16592920353982302,0,0,
recency-weighted-15y,baseline,weak-form-half-response,120,0,0,1312,918,196,0.6996951219512195,0.14939024390243902,1464,0,0.0
recency-weighted-15y,baseline,weak-form-no-response,120,0,120,1312,910,191,0.6935975609756098,0.14557926829268292,0,0,
recency-weighted-15y,emergencyPressure-low,current-federal-court,120,0,120,611,20,0,0.03273322422258593,0.0,0,0,
recency-weighted-15y,emergencyPressure-low,reasoned-emergency-review,120,116,120,4,4,4,1.0,1.0,0,0,
recency-weighted-15y,emergencyPressure-low,constitutional-council,120,108,120,13,11,5,0.8461538461538461,0.38461538461538464,0,0,
recency-weighted-15y,emergencyPressure-low,weak-form-review,120,112,0,9,6,3,0.6666666666666666,0.3333333333333333,3234,281,0.08688930117501546
recency-weighted-15y,emergencyPressure-low,reasoned-with-fast-procedure,120,0,120,637,108,0,0.1695447409733124,0.0,0,0,
recency-weighted-15y,emergencyPressure-low,council-with-full-court-structure,120,111,120,9,7,5,0.7777777777777778,0.5555555555555556,0,0,
recency-weighted-15y,emergencyPressure-low,weak-form-half-response,120,111,0,9,6,4,0.6666666666666666,0.4444444444444444,1645,0,0.0
recency-weighted-15y,emergencyPressure-low,weak-form-no-response,120,108,120,12,8,3,0.6666666666666666,0.25,0,0,
recency-weighted-15y,emergencyPressure-high,current-federal-court,120,0,120,9508,217,0,0.022822885990744637,0.0,0,0,
recency-weighted-15y,emergencyPressure-high,reasoned-emergency-review,120,0,120,7470,6567,7470,0.8791164658634538,1.0,0,0,
recency-weighted-15y,emergencyPressure-high,constitutional-council,120,0,120,8201,5940,1143,0.7243019144006828,0.13937324716497987,0,0,
recency-weighted-15y,emergencyPressure-high,weak-form-review,120,0,0,8236,5772,1129,0.7008256435162701,0.1370811073336571,1796,21,0.011692650334075724
recency-weighted-15y,emergencyPressure-high,reasoned-with-fast-procedure,120,0,120,9508,1677,0,0.17637778712663021,0.0,0,0,
recency-weighted-15y,emergencyPressure-high,council-with-full-court-structure,120,0,120,8250,5999,1140,0.7271515151515151,0.13818181818181818,0,0,
recency-weighted-15y,emergencyPressure-high,weak-form-half-response,120,0,0,8193,5693,1125,0.6948614671060661,0.13731233980227023,899,0,0.0
recency-weighted-15y,emergencyPressure-high,weak-form-no-response,120,0,120,8243,5675,1125,0.6884629382506369,0.1364794370981439,0,0,
recency-weighted-15y,rightsThreatRate-low,current-federal-court,120,0,120,3979,84,0,0.021110831867303344,0.0,0,0,
recency-weighted-15y,rightsThreatRate-low,reasoned-emergency-review,120,0,120,752,662,752,0.8803191489361702,1.0,0,0,
recency-weighted-15y,rightsThreatRate-low,constitutional-council,120,0,120,1383,982,157,0.7100506146059291,0.11352133044107014,0,0,
recency-weighted-15y,rightsThreatRate-low,weak-form-review,120,0,0,1351,948,136,0.7017024426350851,0.10066617320503331,1752,142,0.08105022831050228
recency-weighted-15y,rightsThreatRate-low,reasoned-with-fast-procedure,120,0,120,3956,686,0,0.17340748230535896,0.0,0,0,
recency-weighted-15y,rightsThreatRate-low,council-with-full-court-structure,120,0,120,1329,949,142,0.7140707298720843,0.10684725357411588,0,0,
recency-weighted-15y,rightsThreatRate-low,weak-form-half-response,120,0,0,1367,951,139,0.695683979517191,0.10168251645940014,908,0,0.0
recency-weighted-15y,rightsThreatRate-low,weak-form-no-response,120,0,120,1365,953,143,0.6981684981684981,0.10476190476190476,0,0,
recency-weighted-15y,rightsThreatRate-high,current-federal-court,120,0,120,4031,91,0,0.022575043413545028,0.0,0,0,
recency-weighted-15y,rightsThreatRate-high,reasoned-emergency-review,120,0,120,785,692,785,0.8815286624203822,1.0,0,0,
recency-weighted-15y,rightsThreatRate-high,constitutional-council,120,0,120,1373,1017,381,0.7407137654770576,0.27749453750910413,0,0,
recency-weighted-15y,rightsThreatRate-high,weak-form-review,120,0,0,1419,1006,355,0.7089499647639183,0.25017618040873857,5103,186,0.036449147560258674
recency-weighted-15y,rightsThreatRate-high,reasoned-with-fast-procedure,120,0,120,4023,731,0,0.18170519512801392,0.0,0,0,
recency-weighted-15y,rightsThreatRate-high,council-with-full-court-structure,120,0,120,1400,1054,345,0.7528571428571429,0.24642857142857144,0,0,
recency-weighted-15y,rightsThreatRate-high,weak-form-half-response,120,0,0,1359,960,360,0.7064017660044151,0.26490066225165565,2592,0,0.0
recency-weighted-15y,rightsThreatRate-high,weak-form-no-response,120,0,120,1382,977,378,0.7069464544138929,0.2735166425470333,0,0,
recency-weighted-15y,appointmentPolarization-low,current-federal-court,120,0,120,3942,94,0,0.023845763571790968,0.0,0,0,
recency-weighted-15y,appointmentPolarization-low,reasoned-emergency-review,120,0,120,706,616,706,0.8725212464589235,1.0,0,0,
recency-weighted-15y,appointmentPolarization-low,constitutional-council,120,0,120,1290,961,190,0.7449612403100775,0.14728682170542637,0,0,
recency-weighted-15y,appointmentPolarization-low,weak-form-review,120,0,0,1316,940,198,0.7142857142857143,0.15045592705167174,2980,163,0.05469798657718121
recency-weighted-15y,appointmentPolarization-low,reasoned-with-fast-procedure,120,0,120,3936,708,0,0.1798780487804878,0.0,0,0,
recency-weighted-15y,appointmentPolarization-low,council-with-full-court-structure,120,0,120,1308,964,207,0.7370030581039755,0.15825688073394495,0,0,
recency-weighted-15y,appointmentPolarization-low,weak-form-half-response,120,0,0,1306,919,203,0.7036753445635529,0.1554364471669219,1482,0,0.0
recency-weighted-15y,appointmentPolarization-low,weak-form-no-response,120,0,120,1313,916,200,0.6976389946686976,0.15232292460015232,0,0,
recency-weighted-15y,appointmentPolarization-high,current-federal-court,120,0,120,3933,95,0,0.024154589371980676,0.0,0,0,
recency-weighted-15y,appointmentPolarization-high,reasoned-emergency-review,120,1,120,766,665,766,0.8681462140992167,1.0,0,0,
recency-weighted-15y,appointmentPolarization-high,constitutional-council,120,0,120,1386,1023,191,0.7380952380952381,0.1378066378066378,0,0,
recency-weighted-15y,appointmentPolarization-high,weak-form-review,120,0,0,1321,927,186,0.7017411052233157,0.14080242240726723,3046,148,0.048588312541037425
recency-weighted-15y,appointmentPolarization-high,reasoned-with-fast-procedure,120,0,120,3982,703,0,0.17654445002511301,0.0,0,0,
recency-weighted-15y,appointmentPolarization-high,council-with-full-court-structure,120,0,120,1368,976,176,0.7134502923976608,0.1286549707602339,0,0,
recency-weighted-15y,appointmentPolarization-high,weak-form-half-response,120,0,0,1330,943,190,0.7090225563909774,0.14285714285714285,1521,0,0.0
recency-weighted-15y,appointmentPolarization-high,weak-form-no-response,120,0,120,1386,954,185,0.6883116883116883,0.13347763347763347,0,0,
recency-weighted-15y,legislativeConflict-low,current-federal-court,120,0,120,3979,88,0,0.022116109575270167,0.0,0,0,
recency-weighted-15y,legislativeConflict-low,reasoned-emergency-review,120,0,120,792,700,792,0.8838383838383839,1.0,0,0,
recency-weighted-15y,legislativeConflict-low,constitutional-council,120,0,120,1264,907,182,0.7175632911392406,0.1439873417721519,0,0,
recency-weighted-15y,legislativeConflict-low,weak-form-review,120,0,0,1340,899,172,0.6708955223880597,0.12835820895522387,2711,626,0.23091110291405387
recency-weighted-15y,legislativeConflict-low,reasoned-with-fast-procedure,120,0,120,3971,651,0,0.16393855452027198,0.0,0,0,
recency-weighted-15y,legislativeConflict-low,council-with-full-court-structure,120,0,120,1338,993,215,0.742152466367713,0.16068759342301944,0,0,
recency-weighted-15y,legislativeConflict-low,weak-form-half-response,120,0,0,1312,936,203,0.7134146341463414,0.15472560975609756,1355,1,0.0007380073800738007
recency-weighted-15y,legislativeConflict-low,weak-form-no-response,120,0,120,1335,927,196,0.6943820224719102,0.14681647940074907,0,0,
recency-weighted-15y,legislativeConflict-high,current-federal-court,120,0,120,3987,92,0,0.023074993729621268,0.0,0,0,
recency-weighted-15y,legislativeConflict-high,reasoned-emergency-review,120,0,120,745,650,745,0.87248322147651,1.0,0,0,
recency-weighted-15y,legislativeConflict-high,constitutional-council,120,0,120,1314,929,187,0.7070015220700152,0.14231354642313546,0,0,
recency-weighted-15y,legislativeConflict-high,weak-form-review,120,0,0,1316,940,191,0.7142857142857143,0.14513677811550152,3308,0,0.0
recency-weighted-15y,legislativeConflict-high,reasoned-with-fast-procedure,120,0,120,3978,713,0,0.1792357968828557,0.0,0,0,
recency-weighted-15y,legislativeConflict-high,council-with-full-court-structure,120,0,120,1335,982,196,0.7355805243445693,0.14681647940074907,0,0,
recency-weighted-15y,legislativeConflict-high,weak-form-half-response,120,0,0,1283,899,172,0.700701480904131,0.13406079501169135,1624,0,0.0
recency-weighted-15y,legislativeConflict-high,weak-form-no-response,120,0,120,1309,893,188,0.6822001527883881,0.1436210847975554,0,0,
recency-weighted-15y,implementationCapacity-low,current-federal-court,120,0,120,4016,89,0,0.022161354581673308,0.0,0,0,
recency-weighted-15y,implementationCapacity-low,reasoned-emergency-review,120,0,120,741,644,741,0.8690958164642375,1.0,0,0,
recency-weighted-15y,implementationCapacity-low,constitutional-council,120,0,120,1335,978,217,0.7325842696629213,0.16254681647940075,0,0,
recency-weighted-15y,implementationCapacity-low,weak-form-review,120,0,0,1313,910,198,0.693069306930693,0.1507996953541508,3036,0,0.0
recency-weighted-15y,implementationCapacity-low,reasoned-with-fast-procedure,120,0,120,3994,729,0,0.18252378567851776,0.0,0,0,
recency-weighted-15y,implementationCapacity-low,council-with-full-court-structure,120,0,120,1293,934,196,0.7223511214230471,0.15158546017014696,0,0,
recency-weighted-15y,implementationCapacity-low,weak-form-half-response,120,0,0,1377,993,206,0.7211328976034859,0.14960058097313,1542,0,0.0
recency-weighted-15y,implementationCapacity-low,weak-form-no-response,120,0,120,1292,859,206,0.6648606811145511,0.15944272445820434,0,0,
recency-weighted-15y,implementationCapacity-high,current-federal-court,120,0,120,3925,96,0,0.02445859872611465,0.0,0,0,
recency-weighted-15y,implementationCapacity-high,reasoned-emergency-review,120,0,120,769,666,769,0.8660598179453837,1.0,0,0,
recency-weighted-15y,implementationCapacity-high,constitutional-council,120,0,120,1344,993,189,0.7388392857142857,0.140625,0,0,
recency-weighted-15y,implementationCapacity-high,weak-form-review,120,0,0,1321,903,169,0.6835730507191522,0.1279333838001514,2964,652,0.21997300944669365
recency-weighted-15y,implementationCapacity-high,reasoned-with-fast-procedure,120,0,120,3963,739,0,0.1864748927580116,0.0,0,0,
recency-weighted-15y,implementationCapacity-high,council-with-full-court-structure,120,0,120,1330,990,178,0.7443609022556391,0.13383458646616542,0,0,
recency-weighted-15y,implementationCapacity-high,weak-form-half-response,120,0,0,1292,925,158,0.7159442724458205,0.12229102167182662,1464,0,0.0
recency-weighted-15y,implementationCapacity-high,weak-form-no-response,120,0,120,1350,957,172,0.7088888888888889,0.1274074074074074,0,0,
recency-weighted-15y,partyFragmentation-low,current-federal-court,120,0,120,3882,79,0,0.020350334878928386,0.0,0,0,
recency-weighted-15y,partyFragmentation-low,reasoned-emergency-review,120,1,120,784,672,784,0.8571428571428571,1.0,0,0,
recency-weighted-15y,partyFragmentation-low,constitutional-council,120,0,120,1376,1012,226,0.7354651162790697,0.16424418604651161,0,0,
recency-weighted-15y,partyFragmentation-low,weak-form-review,120,0,0,1311,927,192,0.7070938215102975,0.14645308924485126,2994,946,0.31596526386105545
recency-weighted-15y,partyFragmentation-low,reasoned-with-fast-procedure,120,0,120,4006,680,0,0.16974538192710933,0.0,0,0,
recency-weighted-15y,partyFragmentation-low,council-with-full-court-structure,120,0,120,1324,971,198,0.7333836858006042,0.14954682779456194,0,0,
recency-weighted-15y,partyFragmentation-low,weak-form-half-response,120,0,0,1337,932,188,0.6970830216903515,0.1406133133881825,1481,7,0.004726536124240378
recency-weighted-15y,partyFragmentation-low,weak-form-no-response,120,0,120,1326,920,203,0.693815987933635,0.15309200603318251,0,0,
recency-weighted-15y,partyFragmentation-high,current-federal-court,120,0,120,3933,98,0,0.024917365878464277,0.0,0,0,
recency-weighted-15y,partyFragmentation-high,reasoned-emergency-review,120,0,120,727,648,727,0.8913342503438789,1.0,0,0,
recency-weighted-15y,partyFragmentation-high,constitutional-council,120,0,120,1305,959,212,0.7348659003831418,0.16245210727969348,0,0,
recency-weighted-15y,partyFragmentation-high,weak-form-review,120,0,0,1299,896,196,0.6897613548883756,0.15088529638183218,3012,0,0.0
recency-weighted-15y,partyFragmentation-high,reasoned-with-fast-procedure,120,0,120,3970,686,0,0.17279596977329975,0.0,0,0,
recency-weighted-15y,partyFragmentation-high,council-with-full-court-structure,120,0,120,1391,1006,211,0.7232207045291158,0.15168943206326385,0,0,
recency-weighted-15y,partyFragmentation-high,weak-form-half-response,120,0,0,1372,955,220,0.6960641399416909,0.16034985422740525,1507,0,0.0
recency-weighted-15y,partyFragmentation-high,weak-form-no-response,120,0,120,1343,931,208,0.6932241250930752,0.1548771407297096,0,0,
expanding-history,baseline,current-federal-court,120,0,120,3888,74,0,0.01903292181069959,0.0,0,0,
expanding-history,baseline,reasoned-emergency-review,120,0,120,708,615,708,0.8686440677966102,1.0,0,0,
expanding-history,baseline,constitutional-council,120,0,120,1252,924,168,0.7380191693290735,0.134185303514377,0,0,
expanding-history,baseline,weak-form-review,120,0,0,1250,840,169,0.672,0.1352,3029,177,0.058435127104655
expanding-history,baseline,reasoned-with-fast-procedure,120,0,120,3899,672,0,0.17235188509874327,0.0,0,0,
expanding-history,baseline,council-with-full-court-structure,120,0,120,1266,894,170,0.7061611374407583,0.13428120063191154,0,0,
expanding-history,baseline,weak-form-half-response,120,0,0,1278,924,186,0.7230046948356808,0.14553990610328638,1462,0,0.0
expanding-history,baseline,weak-form-no-response,120,0,120,1256,866,166,0.6894904458598726,0.1321656050955414,0,0,
expanding-history,emergencyPressure-low,current-federal-court,120,1,120,579,15,0,0.025906735751295335,0.0,0,0,
expanding-history,emergencyPressure-low,reasoned-emergency-review,120,119,120,1,1,1,1.0,1.0,0,0,
expanding-history,emergencyPressure-low,constitutional-council,120,118,120,2,2,1,1.0,0.5,0,0,
expanding-history,emergencyPressure-low,weak-form-review,120,119,0,1,1,1,1.0,1.0,3241,287,0.08855291576673865
expanding-history,emergencyPressure-low,reasoned-with-fast-procedure,120,1,120,605,113,0,0.18677685950413223,0.0,0,0,
expanding-history,emergencyPressure-low,council-with-full-court-structure,120,119,120,1,1,1,1.0,1.0,0,0,
expanding-history,emergencyPressure-low,weak-form-half-response,120,118,0,2,2,1,1.0,0.5,1611,0,0.0
expanding-history,emergencyPressure-low,weak-form-no-response,120,120,120,0,0,0,,,0,0,
expanding-history,emergencyPressure-high,current-federal-court,120,0,120,9497,205,0,0.02158576392545014,0.0,0,0,
expanding-history,emergencyPressure-high,reasoned-emergency-review,120,0,120,7486,6525,7486,0.8716270371359872,1.0,0,0,
expanding-history,emergencyPressure-high,constitutional-council,120,0,120,8243,5906,1132,0.7164867160014557,0.13732864248453233,0,0,
expanding-history,emergencyPressure-high,weak-form-review,120,0,0,8197,5736,1100,0.6997682078809321,0.13419543735512993,1798,25,0.013904338153503892
expanding-history,emergencyPressure-high,reasoned-with-fast-procedure,120,0,120,9502,1619,0,0.1703851820669333,0.0,0,0,
expanding-history,emergencyPressure-high,council-with-full-court-structure,120,0,120,8229,5965,1113,0.724875440515251,0.13525337222019687,0,0,
expanding-history,emergencyPressure-high,weak-form-half-response,120,0,0,8174,5625,1110,0.6881575727917788,0.1357964276975777,899,0,0.0
expanding-history,emergencyPressure-high,weak-form-no-response,120,0,120,8194,5654,1116,0.6900170856724432,0.1361972174762021,0,0,
expanding-history,rightsThreatRate-low,current-federal-court,120,0,120,3886,78,0,0.02007205352547607,0.0,0,0,
expanding-history,rightsThreatRate-low,reasoned-emergency-review,120,1,120,749,673,749,0.8985313751668892,1.0,0,0,
expanding-history,rightsThreatRate-low,constitutional-council,120,0,120,1338,942,115,0.7040358744394619,0.08594917787742899,0,0,
expanding-history,rightsThreatRate-low,weak-form-review,120,0,0,1278,882,107,0.6901408450704225,0.0837245696400626,1789,146,0.08160983789826719
expanding-history,rightsThreatRate-low,reasoned-with-fast-procedure,120,0,120,3918,657,0,0.16768759571209801,0.0,0,0,
expanding-history,rightsThreatRate-low,council-with-full-court-structure,120,0,120,1284,917,108,0.7141744548286605,0.08411214953271028,0,0,
expanding-history,rightsThreatRate-low,weak-form-half-response,120,0,0,1316,914,116,0.6945288753799392,0.08814589665653495,939,0,0.0
expanding-history,rightsThreatRate-low,weak-form-no-response,120,0,120,1329,928,122,0.6982693754702785,0.09179834462001504,0,0,
expanding-history,rightsThreatRate-high,current-federal-court,120,0,120,4043,114,0,0.02819688350234974,0.0,0,0,
expanding-history,rightsThreatRate-high,reasoned-emergency-review,120,0,120,743,649,743,0.873485868102288,1.0,0,0,
expanding-history,rightsThreatRate-high,constitutional-council,120,0,120,1373,1047,356,0.7625637290604516,0.25928623452294247,0,0,
expanding-history,rightsThreatRate-high,weak-form-review,120,0,0,1324,934,337,0.7054380664652568,0.2545317220543807,5201,194,0.037300519130936356
expanding-history,rightsThreatRate-high,reasoned-with-fast-procedure,120,0,120,4043,707,0,0.17487014593123917,0.0,0,0,
expanding-history,rightsThreatRate-high,council-with-full-court-structure,120,0,120,1377,1026,348,0.7450980392156863,0.25272331154684097,0,0,
expanding-history,rightsThreatRate-high,weak-form-half-response,120,0,0,1368,966,346,0.706140350877193,0.25292397660818716,2621,0,0.0
expanding-history,rightsThreatRate-high,weak-form-no-response,120,0,120,1320,940,327,0.7121212121212122,0.24772727272727274,0,0,
expanding-history,appointmentPolarization-low,current-federal-court,120,0,120,3939,88,0,0.02234069560802234,0.0,0,0,
expanding-history,appointmentPolarization-low,reasoned-emergency-review,120,2,120,714,627,714,0.8781512605042017,1.0,0,0,
expanding-history,appointmentPolarization-low,constitutional-council,120,0,120,1278,931,164,0.7284820031298904,0.12832550860719874,0,0,
expanding-history,appointmentPolarization-low,weak-form-review,120,0,0,1257,892,183,0.7096260938743039,0.14558472553699284,2977,166,0.055760833053409474
expanding-history,appointmentPolarization-low,reasoned-with-fast-procedure,120,0,120,3907,685,0,0.1753263373432301,0.0,0,0,
expanding-history,appointmentPolarization-low,council-with-full-court-structure,120,0,120,1258,923,180,0.733704292527822,0.14308426073131955,0,0,
expanding-history,appointmentPolarization-low,weak-form-half-response,120,0,0,1253,867,159,0.6919393455706305,0.12689545091779728,1493,0,0.0
expanding-history,appointmentPolarization-low,weak-form-no-response,120,0,120,1312,929,183,0.708079268292683,0.13948170731707318,0,0,
expanding-history,appointmentPolarization-high,current-federal-court,120,0,120,3888,105,0,0.02700617283950617,0.0,0,0,
expanding-history,appointmentPolarization-high,reasoned-emergency-review,120,0,120,757,671,757,0.8863936591809776,1.0,0,0,
expanding-history,appointmentPolarization-high,constitutional-council,120,0,120,1355,977,185,0.7210332103321033,0.13653136531365315,0,0,
expanding-history,appointmentPolarization-high,weak-form-review,120,0,0,1289,865,187,0.6710628394103957,0.14507370054305663,3080,159,0.05162337662337663
expanding-history,appointmentPolarization-high,reasoned-with-fast-procedure,120,0,120,3944,700,0,0.17748478701825557,0.0,0,0,
expanding-history,appointmentPolarization-high,council-with-full-court-structure,120,0,120,1363,980,181,0.719002201027146,0.13279530447542187,0,0,
expanding-history,appointmentPolarization-high,weak-form-half-response,120,0,0,1319,934,208,0.7081122062168309,0.15769522365428354,1539,0,0.0
expanding-history,appointmentPolarization-high,weak-form-no-response,120,0,120,1323,927,167,0.7006802721088435,0.12622826908541193,0,0,
expanding-history,legislativeConflict-low,current-federal-court,120,0,120,3943,78,0,0.019781891960436216,0.0,0,0,
expanding-history,legislativeConflict-low,reasoned-emergency-review,120,0,120,746,663,746,0.8887399463806971,1.0,0,0,
expanding-history,legislativeConflict-low,constitutional-council,120,0,120,1257,894,174,0.711217183770883,0.13842482100238662,0,0,
expanding-history,legislativeConflict-low,weak-form-review,120,0,0,1304,884,181,0.6779141104294478,0.1388036809815951,2683,614,0.2288483041371599
expanding-history,legislativeConflict-low,reasoned-with-fast-procedure,120,0,120,3930,631,0,0.16055979643765902,0.0,0,0,
expanding-history,legislativeConflict-low,council-with-full-court-structure,120,0,120,1258,940,193,0.7472178060413355,0.1534181240063593,0,0,
expanding-history,legislativeConflict-low,weak-form-half-response,120,0,0,1293,879,192,0.679814385150812,0.14849187935034802,1359,0,0.0
expanding-history,legislativeConflict-low,weak-form-no-response,120,0,120,1306,901,179,0.6898928024502297,0.13705972434915772,0,0,
expanding-history,legislativeConflict-high,current-federal-court,120,0,120,3914,89,0,0.022738886050076648,0.0,0,0,
expanding-history,legislativeConflict-high,reasoned-emergency-review,120,0,120,730,641,730,0.8780821917808219,1.0,0,0,
expanding-history,legislativeConflict-high,constitutional-council,120,0,120,1290,929,181,0.7201550387596899,0.14031007751937985,0,0,
expanding-history,legislativeConflict-high,weak-form-review,120,0,0,1237,891,178,0.7202910266774454,0.1438965238480194,3354,0,0.0
expanding-history,legislativeConflict-high,reasoned-with-fast-procedure,120,0,120,3934,664,0,0.16878495170310118,0.0,0,0,
expanding-history,legislativeConflict-high,council-with-full-court-structure,120,0,120,1247,914,177,0.7329591018444266,0.14194065757818766,0,0,
expanding-history,legislativeConflict-high,weak-form-half-response,120,0,0,1313,919,167,0.6999238385376999,0.12718964204112718,1646,0,0.0
expanding-history,legislativeConflict-high,weak-form-no-response,120,0,120,1254,865,195,0.689792663476874,0.15550239234449761,0,0,
expanding-history,implementationCapacity-low,current-federal-court,120,0,120,3958,92,0,0.023244062657908033,0.0,0,0,
expanding-history,implementationCapacity-low,reasoned-emergency-review,120,1,120,730,640,730,0.8767123287671232,1.0,0,0,
expanding-history,implementationCapacity-low,constitutional-council,120,0,120,1277,911,208,0.7133907595927956,0.16288175411119812,0,0,
expanding-history,implementationCapacity-low,weak-form-review,120,0,0,1328,914,222,0.6882530120481928,0.16716867469879518,3093,0,0.0
expanding-history,implementationCapacity-low,reasoned-with-fast-procedure,120,0,120,3967,680,0,0.17141416687673305,0.0,0,0,
expanding-history,implementationCapacity-low,council-with-full-court-structure,120,0,120,1318,958,217,0.7268588770864947,0.1646433990895296,0,0,
expanding-history,implementationCapacity-low,weak-form-half-response,120,0,0,1323,946,205,0.7150415721844293,0.15495086923658352,1555,0,0.0
expanding-history,implementationCapacity-low,weak-form-no-response,120,0,120,1291,863,211,0.6684740511231604,0.16343919442292795,0,0,
expanding-history,implementationCapacity-high,current-federal-court,120,0,120,3926,89,0,0.022669383596535916,0.0,0,0,
expanding-history,implementationCapacity-high,reasoned-emergency-review,120,1,120,772,664,772,0.8601036269430051,1.0,0,0,
expanding-history,implementationCapacity-high,constitutional-council,120,0,120,1327,956,164,0.720422004521477,0.12358703843255464,0,0,
expanding-history,implementationCapacity-high,weak-form-review,120,0,0,1343,909,168,0.676842889054356,0.12509307520476545,2977,639,0.21464561639234128
expanding-history,implementationCapacity-high,reasoned-with-fast-procedure,120,0,120,3986,716,0,0.17962870045158053,0.0,0,0,
expanding-history,implementationCapacity-high,council-with-full-court-structure,120,0,120,1296,955,155,0.7368827160493827,0.11959876543209877,0,0,
expanding-history,implementationCapacity-high,weak-form-half-response,120,0,0,1313,908,160,0.6915460776846916,0.12185833968012186,1502,0,0.0
expanding-history,implementationCapacity-high,weak-form-no-response,120,0,120,1304,939,170,0.7200920245398773,0.1303680981595092,0,0,
expanding-history,partyFragmentation-low,current-federal-court,120,0,120,3890,89,0,0.02287917737789203,0.0,0,0,
expanding-history,partyFragmentation-low,reasoned-emergency-review,120,0,120,745,638,745,0.8563758389261745,1.0,0,0,
expanding-history,partyFragmentation-low,constitutional-council,120,0,120,1322,983,176,0.74357034795764,0.13313161875945537,0,0,
expanding-history,partyFragmentation-low,weak-form-review,120,0,0,1336,942,190,0.7050898203592815,0.14221556886227546,2980,949,0.31845637583892616
expanding-history,partyFragmentation-low,reasoned-with-fast-procedure,120,0,120,3929,651,0,0.16569101552557902,0.0,0,0,
expanding-history,partyFragmentation-low,council-with-full-court-structure,120,0,120,1298,933,175,0.7187981510015409,0.13482280431432975,0,0,
expanding-history,partyFragmentation-low,weak-form-half-response,120,0,0,1301,920,167,0.7071483474250576,0.12836279784780938,1486,5,0.0033647375504710633
expanding-history,partyFragmentation-low,weak-form-no-response,120,0,120,1310,910,177,0.6946564885496184,0.13511450381679388,0,0,
expanding-history,partyFragmentation-high,current-federal-court,120,0,120,3924,81,0,0.020642201834862386,0.0,0,0,
expanding-history,partyFragmentation-high,reasoned-emergency-review,120,2,120,691,626,691,0.9059334298118669,1.0,0,0,
expanding-history,partyFragmentation-high,constitutional-council,120,0,120,1269,910,190,0.7171000788022065,0.14972419227738376,0,0,
expanding-history,partyFragmentation-high,weak-form-review,120,0,0,1242,856,181,0.6892109500805152,0.1457326892109501,3045,0,0.0
expanding-history,partyFragmentation-high,reasoned-with-fast-procedure,120,0,120,3892,679,0,0.17446043165467626,0.0,0,0,
expanding-history,partyFragmentation-high,council-with-full-court-structure,120,0,120,1272,903,174,0.7099056603773585,0.13679245283018868,0,0,
expanding-history,partyFragmentation-high,weak-form-half-response,120,0,0,1313,889,191,0.6770753998476771,0.14546839299314546,1530,0,0.0
expanding-history,partyFragmentation-high,weak-form-no-response,120,0,120,1294,906,186,0.7001545595054096,0.1437403400309119,0,0,
previous-term,baseline,current-federal-court,120,0,120,3870,83,0,0.02144702842377261,0.0,0,0,
previous-term,baseline,reasoned-emergency-review,120,0,120,717,640,717,0.8926080892608089,1.0,0,0,
previous-term,baseline,constitutional-council,120,0,120,1277,914,152,0.7157400156617071,0.11902897415818324,0,0,
previous-term,baseline,weak-form-review,120,0,0,1277,877,161,0.6867658574784652,0.12607674236491778,2652,151,0.05693815987933635
previous-term,baseline,reasoned-with-fast-procedure,120,0,120,3924,681,0,0.1735474006116208,0.0,0,0,
previous-term,baseline,council-with-full-court-structure,120,0,120,1318,960,176,0.7283763277693475,0.13353566009104703,0,0,
previous-term,baseline,weak-form-half-response,120,0,0,1268,892,164,0.7034700315457413,0.12933753943217666,1345,0,0.0
previous-term,baseline,weak-form-no-response,120,0,120,1349,948,161,0.7027427724240178,0.11934766493699037,0,0,
previous-term,emergencyPressure-low,current-federal-court,120,0,120,591,20,0,0.0338409475465313,0.0,0,0,
previous-term,emergencyPressure-low,reasoned-emergency-review,120,119,120,1,1,1,1.0,1.0,0,0,
previous-term,emergencyPressure-low,constitutional-council,120,114,120,6,5,3,0.8333333333333334,0.5,0,0,
previous-term,emergencyPressure-low,weak-form-review,120,118,0,2,0,1,0.0,0.5,2793,239,0.08557107053347655
previous-term,emergencyPressure-low,reasoned-with-fast-procedure,120,0,120,623,107,0,0.17174959871589085,0.0,0,0,
previous-term,emergencyPressure-low,council-with-full-court-structure,120,115,120,5,2,2,0.4,0.4,0,0,
previous-term,emergencyPressure-low,weak-form-half-response,120,116,0,4,3,2,0.75,0.5,1409,0,0.0
previous-term,emergencyPressure-low,weak-form-no-response,120,113,120,7,5,5,0.7142857142857143,0.7142857142857143,0,0,
previous-term,emergencyPressure-high,current-federal-court,120,0,120,9513,211,0,0.022180174498055292,0.0,0,0,
previous-term,emergencyPressure-high,reasoned-emergency-review,120,0,120,7528,6558,7528,0.8711477151965994,1.0,0,0,
previous-term,emergencyPressure-high,constitutional-council,120,0,120,8255,5876,961,0.7118110236220473,0.11641429436705027,0,0,
previous-term,emergencyPressure-high,weak-form-review,120,0,0,8291,5688,960,0.6860451091545049,0.11578820407670969,1502,14,0.009320905459387484
previous-term,emergencyPressure-high,reasoned-with-fast-procedure,120,0,120,9512,1674,0,0.17598822539949538,0.0,0,0,
previous-term,emergencyPressure-high,council-with-full-court-structure,120,0,120,8252,5988,966,0.7256422685409598,0.11706253029568589,0,0,
previous-term,emergencyPressure-high,weak-form-half-response,120,0,0,8250,5686,965,0.6892121212121212,0.11696969696969697,732,0,0.0
previous-term,emergencyPressure-high,weak-form-no-response,120,0,120,8287,5735,956,0.6920477856884276,0.11536140943646675,0,0,
previous-term,rightsThreatRate-low,current-federal-court,120,0,120,3938,83,0,0.021076688674454037,0.0,0,0,
previous-term,rightsThreatRate-low,reasoned-emergency-review,120,0,120,742,642,742,0.8652291105121294,1.0,0,0,
previous-term,rightsThreatRate-low,constitutional-council,120,0,120,1365,979,115,0.7172161172161172,0.08424908424908426,0,0,
previous-term,rightsThreatRate-low,weak-form-review,120,0,0,1351,933,117,0.6905995558845299,0.08660251665433012,1436,115,0.08008356545961003
previous-term,rightsThreatRate-low,reasoned-with-fast-procedure,120,0,120,3894,689,0,0.17693888032871083,0.0,0,0,
previous-term,rightsThreatRate-low,council-with-full-court-structure,120,0,120,1322,946,133,0.7155824508320726,0.10060514372163389,0,0,
previous-term,rightsThreatRate-low,weak-form-half-response,120,0,0,1387,972,115,0.7007930785868781,0.0829127613554434,722,0,0.0
previous-term,rightsThreatRate-low,weak-form-no-response,120,0,120,1354,938,125,0.6927621861152142,0.09231905465288036,0,0,
previous-term,rightsThreatRate-high,current-federal-court,120,0,120,4022,96,0,0.023868722028841372,0.0,0,0,
previous-term,rightsThreatRate-high,reasoned-emergency-review,120,1,120,752,661,752,0.8789893617021277,1.0,0,0,
previous-term,rightsThreatRate-high,constitutional-council,120,0,120,1365,995,308,0.7289377289377289,0.22564102564102564,0,0,
previous-term,rightsThreatRate-high,weak-form-review,120,0,0,1360,952,294,0.7,0.2161764705882353,4789,158,0.032992273961160994
previous-term,rightsThreatRate-high,reasoned-with-fast-procedure,120,0,120,4018,701,0,0.17446490791438526,0.0,0,0,
previous-term,rightsThreatRate-high,council-with-full-court-structure,120,0,120,1353,1005,295,0.7427937915742794,0.2180339985218034,0,0,
previous-term,rightsThreatRate-high,weak-form-half-response,120,0,0,1389,979,328,0.7048236141108711,0.2361411087113031,2379,0,0.0
previous-term,rightsThreatRate-high,weak-form-no-response,120,0,120,1391,971,309,0.698058950395399,0.22214234363767074,0,0,
previous-term,appointmentPolarization-low,current-federal-court,120,0,120,4045,99,0,0.024474660074165638,0.0,0,0,
previous-term,appointmentPolarization-low,reasoned-emergency-review,120,0,120,769,668,769,0.8686605981794538,1.0,0,0,
previous-term,appointmentPolarization-low,constitutional-council,120,0,120,1364,952,173,0.6979472140762464,0.12683284457478006,0,0,
previous-term,appointmentPolarization-low,weak-form-review,120,0,0,1321,936,172,0.708554125662377,0.13020439061317185,2539,142,0.055927530523828275
previous-term,appointmentPolarization-low,reasoned-with-fast-procedure,120,0,120,3979,692,0,0.17391304347826086,0.0,0,0,
previous-term,appointmentPolarization-low,council-with-full-court-structure,120,0,120,1283,933,178,0.7272018706157444,0.1387373343725643,0,0,
previous-term,appointmentPolarization-low,weak-form-half-response,120,0,0,1281,914,163,0.7135050741608119,0.12724434035909446,1248,0,0.0
previous-term,appointmentPolarization-low,weak-form-no-response,120,0,120,1301,872,166,0.6702536510376633,0.12759415833973867,0,0,
previous-term,appointmentPolarization-high,current-federal-court,120,0,120,3907,84,0,0.021499872024571282,0.0,0,0,
previous-term,appointmentPolarization-high,reasoned-emergency-review,120,0,120,769,670,769,0.871261378413524,1.0,0,0,
previous-term,appointmentPolarization-high,constitutional-council,120,0,120,1320,935,163,0.7083333333333334,0.12348484848484849,0,0,
previous-term,appointmentPolarization-high,weak-form-review,120,0,0,1318,929,174,0.704855842185129,0.13201820940819423,2632,136,0.05167173252279635
previous-term,appointmentPolarization-high,reasoned-with-fast-procedure,120,0,120,3932,708,0,0.18006103763987794,0.0,0,0,
previous-term,appointmentPolarization-high,council-with-full-court-structure,120,0,120,1335,976,162,0.7310861423220973,0.12134831460674157,0,0,
previous-term,appointmentPolarization-high,weak-form-half-response,120,0,0,1298,906,170,0.6979969183359014,0.13097072419106318,1345,0,0.0
previous-term,appointmentPolarization-high,weak-form-no-response,120,0,120,1292,902,168,0.6981424148606811,0.13003095975232198,0,0,
previous-term,legislativeConflict-low,current-federal-court,120,0,120,3957,89,0,0.02249178670710134,0.0,0,0,
previous-term,legislativeConflict-low,reasoned-emergency-review,120,1,120,726,614,726,0.8457300275482094,1.0,0,0,
previous-term,legislativeConflict-low,constitutional-council,120,0,120,1301,944,165,0.7255956956187548,0.12682551883166795,0,0,
previous-term,legislativeConflict-low,weak-form-review,120,0,0,1317,903,157,0.6856492027334852,0.11921032649962035,2326,555,0.23860705073086844
previous-term,legislativeConflict-low,reasoned-with-fast-procedure,120,0,120,3888,645,0,0.16589506172839505,0.0,0,0,
previous-term,legislativeConflict-low,council-with-full-court-structure,120,0,120,1274,922,144,0.7237048665620094,0.1130298273155416,0,0,
previous-term,legislativeConflict-low,weak-form-half-response,120,0,0,1310,927,167,0.7076335877862595,0.12748091603053435,1203,0,0.0
previous-term,legislativeConflict-low,weak-form-no-response,120,0,120,1317,912,158,0.6924829157175398,0.11996962794229309,0,0,
previous-term,legislativeConflict-high,current-federal-court,120,0,120,3890,104,0,0.02673521850899743,0.0,0,0,
previous-term,legislativeConflict-high,reasoned-emergency-review,120,0,120,722,633,722,0.8767313019390581,1.0,0,0,
previous-term,legislativeConflict-high,constitutional-council,120,0,120,1317,955,172,0.7251328777524677,0.13059984813971146,0,0,
previous-term,legislativeConflict-high,weak-form-review,120,0,0,1336,951,187,0.7118263473053892,0.13997005988023953,2938,0,0.0
previous-term,legislativeConflict-high,reasoned-with-fast-procedure,120,0,120,3892,661,0,0.1698355601233299,0.0,0,0,
previous-term,legislativeConflict-high,council-with-full-court-structure,120,0,120,1281,959,161,0.7486338797814208,0.12568306010928962,0,0,
previous-term,legislativeConflict-high,weak-form-half-response,120,0,0,1303,915,174,0.7022256331542595,0.1335379892555641,1471,0,0.0
previous-term,legislativeConflict-high,weak-form-no-response,120,0,120,1318,904,176,0.6858877086494689,0.13353566009104703,0,0,
previous-term,implementationCapacity-low,current-federal-court,120,0,120,3990,84,0,0.021052631578947368,0.0,0,0,
previous-term,implementationCapacity-low,reasoned-emergency-review,120,0,120,760,664,760,0.8736842105263158,1.0,0,0,
previous-term,implementationCapacity-low,constitutional-council,120,0,120,1313,974,190,0.7418126428027418,0.1447067783701447,0,0,
previous-term,implementationCapacity-low,weak-form-review,120,0,0,1357,959,168,0.7067059690493737,0.12380250552689757,2637,0,0.0
previous-term,implementationCapacity-low,reasoned-with-fast-procedure,120,0,120,3969,700,0,0.1763668430335097,0.0,0,0,
previous-term,implementationCapacity-low,council-with-full-court-structure,120,0,120,1315,956,177,0.7269961977186312,0.13460076045627375,0,0,
previous-term,implementationCapacity-low,weak-form-half-response,120,0,0,1361,922,198,0.677443056576047,0.14548126377663484,1329,0,0.0
previous-term,implementationCapacity-low,weak-form-no-response,120,0,120,1331,907,184,0.681442524417731,0.1382419233658903,0,0,
previous-term,implementationCapacity-high,current-federal-court,120,0,120,3950,87,0,0.022025316455696203,0.0,0,0,
previous-term,implementationCapacity-high,reasoned-emergency-review,120,0,120,783,690,783,0.8812260536398467,1.0,0,0,
previous-term,implementationCapacity-high,constitutional-council,120,0,120,1379,994,180,0.7208121827411168,0.1305293691080493,0,0,
previous-term,implementationCapacity-high,weak-form-review,120,0,0,1347,943,158,0.7000742390497402,0.11729769858945806,2643,590,0.22323117669315173
previous-term,implementationCapacity-high,reasoned-with-fast-procedure,120,0,120,3982,672,0,0.1687594173782019,0.0,0,0,
previous-term,implementationCapacity-high,council-with-full-court-structure,120,0,120,1359,985,173,0.7247976453274466,0.12729948491537896,0,0,
previous-term,implementationCapacity-high,weak-form-half-response,120,0,0,1345,928,159,0.6899628252788104,0.11821561338289963,1331,1,0.0007513148009015778
previous-term,implementationCapacity-high,weak-form-no-response,120,0,120,1313,915,155,0.6968773800456969,0.11805026656511805,0,0,
previous-term,partyFragmentation-low,current-federal-court,120,0,120,3934,69,0,0.01753940010167768,0.0,0,0,
previous-term,partyFragmentation-low,reasoned-emergency-review,120,1,120,778,689,778,0.8856041131105399,1.0,0,0,
previous-term,partyFragmentation-low,constitutional-council,120,0,120,1300,935,168,0.7192307692307692,0.12923076923076923,0,0,
previous-term,partyFragmentation-low,weak-form-review,120,0,0,1332,903,164,0.6779279279279279,0.12312312312312312,2605,812,0.31170825335892516
previous-term,partyFragmentation-low,reasoned-with-fast-procedure,120,0,120,3913,704,0,0.1799131101456683,0.0,0,0,
previous-term,partyFragmentation-low,council-with-full-court-structure,120,0,120,1325,925,175,0.6981132075471698,0.1320754716981132,0,0,
previous-term,partyFragmentation-low,weak-form-half-response,120,0,0,1306,897,155,0.6868300153139357,0.11868300153139356,1298,3,0.0023112480739599386
previous-term,partyFragmentation-low,weak-form-no-response,120,0,120,1323,917,173,0.6931216931216931,0.1307634164777022,0,0,
previous-term,partyFragmentation-high,current-federal-court,120,0,120,3915,72,0,0.01839080459770115,0.0,0,0,
previous-term,partyFragmentation-high,reasoned-emergency-review,120,0,120,715,641,715,0.8965034965034965,1.0,0,0,
previous-term,partyFragmentation-high,constitutional-council,120,0,120,1313,950,158,0.7235338918507236,0.12033511043412033,0,0,
previous-term,partyFragmentation-high,weak-form-review,120,0,0,1344,927,168,0.6897321428571429,0.125,2592,0,0.0
previous-term,partyFragmentation-high,reasoned-with-fast-procedure,120,0,120,3960,671,0,0.16944444444444445,0.0,0,0,
previous-term,partyFragmentation-high,council-with-full-court-structure,120,0,120,1330,959,181,0.7210526315789474,0.13609022556390976,0,0,
previous-term,partyFragmentation-high,weak-form-half-response,120,0,0,1319,914,162,0.6929492039423806,0.12282031842304776,1240,0,0.0
previous-term,partyFragmentation-high,weak-form-no-response,120,0,120,1353,934,177,0.6903178122690318,0.13082039911308205,0,0,
