profileKey,court,period,targetKey,label,numerator,denominator,observedRate,targetFamily,evidenceStatus,useForValidation,sourceName,sourceUrl,note
canada-charter-dialogue-1982-2007,Supreme Court of Canada,1982-1989,statute_nullification_rate,Statute nullification rate among federal and provincial statute dispositions,19,50,0.380000,merits,promoted,true,Morton Russell and Withey Supreme Court first one hundred Charter decisions,https://digitalcommons.osgoode.yorku.ca/ohlj/vol30/iss1/1/,Article Table 7 reports 19 nullified statutes among 50 federal and provincial statute dispositions; Table 6 separately reports 49 statute-challenge objects among 100 decisions and 103 total challenge objects because some decisions address multiple objects. The earlier 19/100 construction mixed statute and decision units. Promoted only as a statute-disposition range diagnostic after adding object-level exports; synthetic object composition and conditional allocation are unestimated and are not independently validated.
germany-bverfg-2024,German Federal Constitutional Court,2024,legal_representation_share,New complaints with legal representation,1500,4436,0.338142,case-selection,verified-context-only,false,German Federal Constitutional Court Annual Report 2024 p.48,https://www.bundesverfassungsgericht.de/SharedDocs/Downloads/EN/Jahresbericht/jahresbericht_2024.pdf?__blob=publicationFile&v=2,1500 represented plus 2936 unrepresented new complaints. Representation is an observed filing attribute; it is not permission-to-appeal access or public-defender participation.
germany-bverfg-2024,German Federal Constitutional Court,2024,emergency_application_share,New complaints accompanied by interim applications,1003,4436,0.226105,emergency,verified-model-gap,false,German Federal Constitutional Court Annual Report 2024 p.54,https://www.bundesverfassungsgericht.de/SharedDocs/Downloads/EN/Jahresbericht/jahresbericht_2024.pdf?__blob=publicationFile&v=2,1003 new BvR complaints with an interim application plus 3433 without. Separate BvQ proceedings are excluded. Application demand is not an injunction grant rate.
germany-bverfg-2024,German Federal Constitutional Court,2024,complaint_success_rate,Successful constitutional complaint proceedings,39,4595,0.008487,intake,verified-model-gap,false,German Federal Constitutional Court Annual Report 2024 p.51,https://www.bundesverfassungsgericht.de/SharedDocs/Downloads/EN/Jahresbericht/jahresbericht_2024.pdf?__blob=publicationFile&v=2,39 successful among 4595 decided complaint proceedings including jointly decided cases. Excludes withdrawals and other nondecision closures: 4647 concluded and 4436 newly lodged complaints are different denominators. Not merits statute invalidation.
germany-bverfg-2024,German Federal Constitutional Court,2024,direct_instrument_challenge_share,Direct challenges to laws and ordinances,110,4436,0.024797,route-mix,verified-context-only,false,German Federal Constitutional Court Annual Report 2024 p.52,https://www.bundesverfassungsgericht.de/SharedDocs/Downloads/EN/Jahresbericht/jahresbericht_2024.pdf?__blob=publicationFile&v=2,The challenged-act categories sum to 4436. The combined laws-and-ordinances category is neither statutes alone nor nullification; it describes new complaint composition.
south-africa-constcourt-recent,Constitutional Court of South Africa,2024-01-01 to 2024-07-26,dismissal_reason_observed_share,Dismissed petitions with observable reasons,40,57,0.701754,case-selection,verified-context-only,false,Ally et al. 2024 A Snapshot of the Constitutional Court's Docket section 5,https://www.scielo.org.za/scielo.php?pid=S1727-37812024000100077&script=sci_arttext,Reasons located for 40 dismissed petitions; orders unavailable for 17. This is source coverage rather than absence of judicial reasons; reasons may overlap.
south-africa-constcourt-recent,Constitutional Court of South Africa,2024-01-01 to 2024-07-26,dismissed_petition_snapshot_share,New petitions dismissed by observation cutoff,57,217,0.262673,intake,verified-context-only,false,Ally et al. 2024 A Snapshot of the Constitutional Court's Docket sections 2 and 5,https://www.scielo.org.za/scielo.php?pid=S1727-37812024000100077&script=sci_arttext,57 petitions filed and dismissed in 2024 by 26 July. Pending petitions are censored at the cutoff; this is not the eventual rejection rate.
south-africa-constcourt-recent,Constitutional Court of South Africa,2024-01-01 to 2024-07-26,direct_access_petition_share,Petitions seeking direct access,19,217,0.087558,route-mix,verified-context-only,false,Ally et al. 2024 A Snapshot of the Constitutional Court's Docket section 3,https://www.scielo.org.za/scielo.php?pid=S1727-37812024000100077&script=sci_arttext,Excludes 4 combined petitions. Route subtotals leave one of 217 petitions unaccounted for; retain reported counts and incomplete classification. Direct access applications are not successful direct actions.
south-africa-constcourt-recent,Constitutional Court of South Africa,2024-01-01 to 2024-07-26,leave_petition_share,Petitions seeking leave to appeal,189,217,0.870968,route-mix,verified-context-only,false,Ally et al. 2024 A Snapshot of the Constitutional Court's Docket section 3,https://www.scielo.org.za/scielo.php?pid=S1727-37812024000100077&script=sci_arttext,Source lists 189 leave-only and 19 direct-access petitions plus 4 combined and 4 unknown: 216 versus the stated total 217. Preserve one unaccounted petition; do not renormalize. Filed routes are not granted appeal routes.
