role,term,n,model,multiclass-brier,log-loss,total-variation,trainingN,trainingMaxTerm,trainingRowsSha256,frozenGeneratorExposure
development-retrospective,2005,87,frozen-generator,0.8059933616091954,1.7562337084621502,0.08810344827586207,0,,e4bbc272aad6c2145af2d1bef1aa01664b71a8d3786137d3d674072662b0a4ba,all pre-2025 terms exposed through aggregate calibration
development-retrospective,2005,87,recency-weighted-15y,0.802584243849435,1.7437018857193785,0.07044408518009337,1438,2004,ab04270323da7d814fc42faf2866ec027699dad3ba15ed4f1204df37db5449c0,all pre-2025 terms exposed through aggregate calibration
development-retrospective,2005,87,expanding-history,0.8061741525781903,1.7520456398775586,0.08514053235003022,7870,2004,9bfc002e4f522ecb8fb42b3ebf57233b1ebf8bc66f7fd0c1bae5876e3fa8c037,all pre-2025 terms exposed through aggregate calibration
development-retrospective,2005,87,previous-term,0.8037082649151615,1.783971935100393,0.09277504105090312,80,2004,60ce459fd2dfa3ca1b1c9d03608a4d0b06de673026c686d56b36b09466f0873e,all pre-2025 terms exposed through aggregate calibration
development-retrospective,2006,75,frozen-generator,0.76563658,1.5933676343160237,0.17003333333333337,0,,e4bbc272aad6c2145af2d1bef1aa01664b71a8d3786137d3d674072662b0a4ba,all pre-2025 terms exposed through aggregate calibration
development-retrospective,2006,75,recency-weighted-15y,0.7727103939475836,1.6132686659563904,0.18312501875355508,1396,2005,456a8ceb7f541c3c2fd3619f52940e6a2ffa870217706dac8469a7030369b5e1,all pre-2025 terms exposed through aggregate calibration
development-retrospective,2006,75,expanding-history,0.7657167106089029,1.5902922379373383,0.16353305698614082,7957,2005,719bb0fba23cbb9917a6dd024dfcc9144cb7b58c7dfc58bc7887ac215e47e6d4,all pre-2025 terms exposed through aggregate calibration
development-retrospective,2006,75,previous-term,0.7773650525298876,1.6333346374009905,0.17750915750915752,87,2005,7579fc0459d2e5fe438faef4037739ed910e314814b46e27240cbf31d313a7f4,all pre-2025 terms exposed through aggregate calibration
development-retrospective,2007,74,frozen-generator,0.8171890124324325,1.8149568111781345,0.15843513513513516,0,,e4bbc272aad6c2145af2d1bef1aa01664b71a8d3786137d3d674072662b0a4ba,all pre-2025 terms exposed through aggregate calibration
development-retrospective,2007,74,recency-weighted-15y,0.8114539251139128,1.7875318583435533,0.12218135788242258,1351,2006,c39e85fc462ef76bd502b4299c1774c08b20562987baf825f3f1f869debb55d5,all pre-2025 terms exposed through aggregate calibration
development-retrospective,2007,74,expanding-history,0.8261452345627998,1.831019308118698,0.18329342284046118,8032,2006,72bd41c8b3e6d6c39cb92278415bf6278f8da27ce3b502a3fb804d26521663ff,all pre-2025 terms exposed through aggregate calibration
development-retrospective,2007,74,previous-term,0.8366729171087446,1.9175208124931413,0.23007184399589464,75,2006,b5775dc8ec57cfd4173ed2d10ddfef6aa784d96d6f800a00e1d7cbb1606bd627,all pre-2025 terms exposed through aggregate calibration
development-retrospective,2008,83,frozen-generator,0.8103083872289158,1.7651549736736132,0.17390240963855422,0,,e4bbc272aad6c2145af2d1bef1aa01664b71a8d3786137d3d674072662b0a4ba,all pre-2025 terms exposed through aggregate calibration
development-retrospective,2008,83,recency-weighted-15y,0.8013350980469003,1.7299035806976406,0.12135437041514992,1305,2007,14e8f82375f0a183539745dd3c3a2b7d632aecd6174d7d90b29c82db42a09ff4,all pre-2025 terms exposed through aggregate calibration
development-retrospective,2008,83,expanding-history,0.8182130567208863,1.7800426973309125,0.1970882296138933,8106,2007,fd760a6ea4f9bf8de234e6156167971dda66d63bb2bf7ce93f5eb5c438b7efb1,all pre-2025 terms exposed through aggregate calibration
development-retrospective,2008,83,previous-term,0.7965352534397947,1.72363210363876,0.08989805375347541,74,2007,03f9206d21ed53f56e86b5742cb57f6093dde294fd3e4d335dbab6dcaf4de18c,all pre-2025 terms exposed through aggregate calibration
development-retrospective,2009,93,frozen-generator,0.7819845369892474,1.6761913565455013,0.1411505376344086,0,,e4bbc272aad6c2145af2d1bef1aa01664b71a8d3786137d3d674072662b0a4ba,all pre-2025 terms exposed through aggregate calibration
development-retrospective,2009,93,recency-weighted-15y,0.7750606838003866,1.6830845902279572,0.1352194858935288,1292,2008,827f799f38050e49c0815288c53ed80e55a695b607c44cc33421694d105c4310,all pre-2025 terms exposed through aggregate calibration
development-retrospective,2009,93,expanding-history,0.7884515638576938,1.7345255629083651,0.16647374036844984,8189,2008,3a93d3a150f1eda5392ac566131ede519204f5f280cf2a8db94103b0c4814b82,all pre-2025 terms exposed through aggregate calibration
development-retrospective,2009,93,previous-term,0.7843197422423382,1.7053831253949374,0.1777901371894698,83,2008,7931bcd981ac9e06e41480f87587e4992c22a1905243adb8864550ed30019c47,all pre-2025 terms exposed through aggregate calibration
development-retrospective,2010,84,frozen-generator,0.8180494371428573,1.7760763910809227,0.14473809523809528,0,,e4bbc272aad6c2145af2d1bef1aa01664b71a8d3786137d3d674072662b0a4ba,all pre-2025 terms exposed through aggregate calibration
development-retrospective,2010,84,recency-weighted-15y,0.8128723246194376,1.7607764985755268,0.11023958233543836,1293,2009,2edd8e170560cb42a529aeb320406c47a3aeadd4cc5a5b23631d995153216e80,all pre-2025 terms exposed through aggregate calibration
development-retrospective,2010,84,expanding-history,0.8254635163978424,1.7880197542261504,0.16529602427502502,8282,2009,6975f512d474107f32f760d4621adcd0ecdf5498f2b33257b389fa28629d53f9,all pre-2025 terms exposed through aggregate calibration
development-retrospective,2010,84,previous-term,0.8279307046444894,1.8236836716123275,0.17992145311732938,93,2009,5b95b5132b3a192c25bf6568e59ece31a03e895c2105f732f8513dd219de7960,all pre-2025 terms exposed through aggregate calibration
development-retrospective,2011,77,frozen-generator,0.8125383981818183,1.7881431236390224,0.1296948051948052,0,,e4bbc272aad6c2145af2d1bef1aa01664b71a8d3786137d3d674072662b0a4ba,all pre-2025 terms exposed through aggregate calibration
development-retrospective,2011,77,recency-weighted-15y,0.804560059601914,1.7674311226898156,0.09750806333454957,1286,2010,2e502c36bbe9895ec41602b0149cdad7b85ea3ce1e0fd1434402823bbba35ad8,all pre-2025 terms exposed through aggregate calibration
development-retrospective,2011,77,expanding-history,0.8201989774063616,1.8472512879964238,0.1596153547766451,8366,2010,04ab4de2c8e3994b3a84d1f5689c9e0fb171651217ffd60e4590a03f7e919fd1,all pre-2025 terms exposed through aggregate calibration
development-retrospective,2011,77,previous-term,0.7991071428571429,1.7538745718756432,0.0568181818181818,84,2010,3661d0e7137619d8d46bb01d3d9bffd505080238102fcb662db0566be6c3dd8f,all pre-2025 terms exposed through aggregate calibration
development-retrospective,2012,79,frozen-generator,0.7987135420253165,1.726220494069969,0.07458860759493671,0,,e4bbc272aad6c2145af2d1bef1aa01664b71a8d3786137d3d674072662b0a4ba,all pre-2025 terms exposed through aggregate calibration
development-retrospective,2012,79,recency-weighted-15y,0.7966554267824986,1.7035397122662,0.0763843963490713,1267,2011,7466f4159f2cc9a5090d737921b664f793ec2df76870eada9ab119994946f300,all pre-2025 terms exposed through aggregate calibration
development-retrospective,2012,79,expanding-history,0.8008707027697297,1.7275861965966406,0.08743872815305562,8443,2011,92fbd05bf5c585a61343789a04abd29e881e870f29bd94dc304a08c18276d913,all pre-2025 terms exposed through aggregate calibration
development-retrospective,2012,79,previous-term,0.8070319629417406,1.7385987266763754,0.11962806688545082,77,2011,278285cab8d2105b24c802a61144bec606133abfb97e35b10776c5502fce0af2,all pre-2025 terms exposed through aggregate calibration
development-retrospective,2013,75,frozen-generator,0.7957272466666667,1.7260885173065312,0.05736666666666668,0,,e4bbc272aad6c2145af2d1bef1aa01664b71a8d3786137d3d674072662b0a4ba,all pre-2025 terms exposed through aggregate calibration
development-retrospective,2013,75,recency-weighted-15y,0.8021018776140505,1.7554230492734573,0.12004852076561465,1244,2012,77172faa7dc97f6d94573357c6e8245061c5ed377347de15ad9b402e26c1e9ab,all pre-2025 terms exposed through aggregate calibration
development-retrospective,2013,75,expanding-history,0.7965918118078359,1.7626927942108248,0.06771522402064277,8522,2012,dfd0fbff9bff41391123960b04fff4529ed37971f21be33903a8860da5c81a54,all pre-2025 terms exposed through aggregate calibration
development-retrospective,2013,75,previous-term,0.8018270673053661,1.788713006068932,0.10216867469879515,79,2012,4f1798af5dc39630a12e8b6c19a14ddbfe2361189520a51d81947bca74be94a6,all pre-2025 terms exposed through aggregate calibration
development-retrospective,2014,74,frozen-generator,0.8064998232432433,1.77999360530717,0.09079999999999998,0,,e4bbc272aad6c2145af2d1bef1aa01664b71a8d3786137d3d674072662b0a4ba,all pre-2025 terms exposed through aggregate calibration
development-retrospective,2014,74,recency-weighted-15y,0.8123985138618888,1.7966589200282634,0.11453105749801418,1227,2013,1f1d3b31c26ed1dcbfb29f44126a6e17e610fd66e7f02e4e90e01a42d8c749c9,all pre-2025 terms exposed through aggregate calibration
development-retrospective,2014,74,expanding-history,0.8089858069738087,1.8168775180080114,0.1078362981048715,8597,2013,d41051bc411c0ff3932fb56cb4de7dc80ab55fdc05be6a6425a9e9f8383d5724,all pre-2025 terms exposed through aggregate calibration
development-retrospective,2014,74,previous-term,0.8052763547075357,1.7728535755249353,0.0877523092712966,75,2013,6f744f7a02571c1638674f178d5f840849c2cc4c06c955e5218c09ac738d8aa9,all pre-2025 terms exposed through aggregate calibration
retrospective-exposed,2015,81,frozen-generator,0.7851022590123458,1.673402271440014,0.12524691358024692,0,,e4bbc272aad6c2145af2d1bef1aa01664b71a8d3786137d3d674072662b0a4ba,all pre-2025 terms exposed through aggregate calibration
retrospective-exposed,2015,81,recency-weighted-15y,0.7752828868546797,1.648706468716571,0.08692414827979697,1216,2014,c4a2ae7bd1f489be63444e16f7371644b35ef77676ac9684ab651725192cfdac,all pre-2025 terms exposed through aggregate calibration
retrospective-exposed,2015,81,expanding-history,0.7904856071523303,1.6805552992135633,0.14059273490589533,8671,2014,19fb6a936c7989f17a7d576908881fa7030cb280b222fb0cae17a7ed33070675,all pre-2025 terms exposed through aggregate calibration
retrospective-exposed,2015,81,previous-term,0.7926680789928653,1.700108213752487,0.15147198480531815,74,2014,f631ead72823741ff9d50b71fd55de4ca0f4c258d1aebbe51a5118b2f2dffa52,all pre-2025 terms exposed through aggregate calibration
retrospective-exposed,2016,69,frozen-generator,0.8054203481159421,1.7860935921082117,0.06871739130434783,0,,e4bbc272aad6c2145af2d1bef1aa01664b71a8d3786137d3d674072662b0a4ba,all pre-2025 terms exposed through aggregate calibration
retrospective-exposed,2016,69,recency-weighted-15y,0.8079131250643853,1.7930889260132985,0.09019158166005431,1210,2015,7f3f49a835e048e13a277b614e51915ac1fb283f95d2105141b6ec2f0d340303,all pre-2025 terms exposed through aggregate calibration
retrospective-exposed,2016,69,expanding-history,0.8056749093376632,1.8168510910393925,0.06592829099383607,8752,2015,c20c04f0ce530dd8086236300bd22e1112be6ae25845f8e0ade1e354f48e25b7,all pre-2025 terms exposed through aggregate calibration
retrospective-exposed,2016,69,previous-term,0.8153131738628956,1.7997835959706203,0.11312872975277069,81,2015,12f004c15d77c00211f21591025e012053d3cd93a7353396c90610ad1dc1e72f,all pre-2025 terms exposed through aggregate calibration
retrospective-exposed,2017,76,frozen-generator,0.7950092115789474,1.7192504539786477,0.11476315789473684,0,,e4bbc272aad6c2145af2d1bef1aa01664b71a8d3786137d3d674072662b0a4ba,all pre-2025 terms exposed through aggregate calibration
retrospective-exposed,2017,76,recency-weighted-15y,0.7998695888575975,1.7208503654589618,0.1269175332498323,1194,2016,6d0c309be9b20e7c5698d3e61857a31ddc8e2d4eaf1033834918a261d97f01df,all pre-2025 terms exposed through aggregate calibration
retrospective-exposed,2017,76,expanding-history,0.7916870108647216,1.7082070290909495,0.10175041001938273,8821,2016,61d153efa6b8c6f83a590c5f3cf92c77c62962e99a9f48e8c2e52c727072a957,all pre-2025 terms exposed through aggregate calibration
retrospective-exposed,2017,76,previous-term,0.7911872475333577,1.7221550733880366,0.09534967555875992,69,2016,877634f1037fa4e592c66a29d26ad92ebfa2785e7e2d628102a1a85ab4b1b9ac,all pre-2025 terms exposed through aggregate calibration
retrospective-exposed,2018,73,frozen-generator,0.7949100046575344,1.7001629057136667,0.11434383561643835,0,,e4bbc272aad6c2145af2d1bef1aa01664b71a8d3786137d3d674072662b0a4ba,all pre-2025 terms exposed through aggregate calibration
retrospective-exposed,2018,73,recency-weighted-15y,0.802980370224332,1.718433256616907,0.1476835864724328,1186,2017,0b1bdab0851aa2a09af1ae737d3a45a21218634e3dd93ce60743794a0917dc98,all pre-2025 terms exposed through aggregate calibration
retrospective-exposed,2018,73,expanding-history,0.7944381419054989,1.6941212352749149,0.10076672930392616,8897,2017,852edb9d521f99c1af4c76b041f6e1791cc6f0bd73be6e9e85d899692e2b2b28,all pre-2025 terms exposed through aggregate calibration
retrospective-exposed,2018,73,previous-term,0.8113484589041097,1.7527233442556782,0.16986301369863013,76,2017,efd6d0af93433563a99c7974e58b9ab10594dfd8738bfa5951bd872d37079038,all pre-2025 terms exposed through aggregate calibration
retrospective-exposed,2019,60,frozen-generator,0.8463532466666668,1.9671769501462353,0.2343,0,,e4bbc272aad6c2145af2d1bef1aa01664b71a8d3786137d3d674072662b0a4ba,all pre-2025 terms exposed through aggregate calibration
retrospective-exposed,2019,60,recency-weighted-15y,0.850978160410165,1.9813468712233426,0.2580547213044604,1180,2018,d71013960c86e6d10d263325b5b64e8a4b80979ea659e8669115f5bea9734ce5,all pre-2025 terms exposed through aggregate calibration
retrospective-exposed,2019,60,expanding-history,0.8540610116238201,2.0543135356375886,0.25042344550924894,8970,2018,575d07e185ee01815b4d2034c5dbcf63ba0ec8341e2d2c5bce9be66d519d4c80,all pre-2025 terms exposed through aggregate calibration
retrospective-exposed,2019,60,previous-term,0.8373756114015853,1.9617101977276563,0.19523809523809524,73,2018,cd42024661ece562f3abb516e4049cbc67699c3ef59863700abaef8dfc1f4d53,all pre-2025 terms exposed through aggregate calibration
retrospective-exposed,2020,65,frozen-generator,0.8030088876923078,1.7931339898279888,0.06816153846153847,0,,e4bbc272aad6c2145af2d1bef1aa01664b71a8d3786137d3d674072662b0a4ba,all pre-2025 terms exposed through aggregate calibration
retrospective-exposed,2020,65,recency-weighted-15y,0.804887370938157,1.785957720720181,0.07613830775727988,1160,2019,b6036c306f4d428702cc020be7e70e6e881db1183f4cb9a11ff718562031ecbb,all pre-2025 terms exposed through aggregate calibration
retrospective-exposed,2020,65,expanding-history,0.8025488741243931,1.8478266826811927,0.06165170892866266,9030,2019,c0d7dc9a74e8fa0cb0a34a4aa62c77beee752207dcd14f71cf05642d8e3ca710,all pre-2025 terms exposed through aggregate calibration
retrospective-exposed,2020,65,previous-term,0.8594275841346154,1.9616315336107641,0.27331730769230766,60,2019,7e1e92bd8d8ed5f6751f8711f6a45f570f671da51138f724613c5af124f138b8,all pre-2025 terms exposed through aggregate calibration
retrospective-exposed,2021,65,frozen-generator,0.8341350415384616,1.8468686481846384,0.12006923076923076,0,,e4bbc272aad6c2145af2d1bef1aa01664b71a8d3786137d3d674072662b0a4ba,all pre-2025 terms exposed through aggregate calibration
retrospective-exposed,2021,65,recency-weighted-15y,0.8368935727190077,1.8711234082694417,0.1457127392544529,1138,2020,3aa64797c1a9c4d538a2791de513cd556f0af9aca3c87e631a0d031f7b40c4e3,all pre-2025 terms exposed through aggregate calibration
retrospective-exposed,2021,65,expanding-history,0.8373228373553189,1.849176201216589,0.12392232451579632,9095,2020,c17f9e652b6c5a6937af2066a880518a98fcda0f6b58d8b62a23f9842c804716,all pre-2025 terms exposed through aggregate calibration
retrospective-exposed,2021,65,previous-term,0.8439532741990208,1.9102214748539244,0.16989966555183947,65,2020,2a84ec2a7e9c7803dc1e6b41b5b509a1ce2a1d79cd91f1f3d3c0a980b3ae1dda,all pre-2025 terms exposed through aggregate calibration
retrospective-exposed,2022,58,frozen-generator,0.803849683448276,1.7373927094243926,0.1485241379310345,0,,e4bbc272aad6c2145af2d1bef1aa01664b71a8d3786137d3d674072662b0a4ba,all pre-2025 terms exposed through aggregate calibration
retrospective-exposed,2022,58,recency-weighted-15y,0.8006712803928634,1.7286225656516354,0.12228450803801832,1128,2021,59a5386618592215f8c28e42b2a27533d1f4474936940aa48c88fb3f3acc5b6f,all pre-2025 terms exposed through aggregate calibration
retrospective-exposed,2022,58,expanding-history,0.8048624502041561,1.73581799005679,0.15740942819729375,9160,2021,b7fca166883b634f68a87eb8df273283957f4fec2b7bafe957652b5a287756ce,all pre-2025 terms exposed through aggregate calibration
retrospective-exposed,2022,58,previous-term,0.8120722247571865,1.7705720970828394,0.18940529735132433,65,2021,e1014047793dde65fd45a952b98bfa52fd0debab333cac1ea0f109f44d1634d4,all pre-2025 terms exposed through aggregate calibration
retrospective-exposed,2023,59,frozen-generator,0.8222582749152543,1.8432477744274174,0.061833898305084734,0,,e4bbc272aad6c2145af2d1bef1aa01664b71a8d3786137d3d674072662b0a4ba,all pre-2025 terms exposed through aggregate calibration
retrospective-exposed,2023,59,recency-weighted-15y,0.8250921306061039,1.8532753368737824,0.0752892851516209,1112,2022,c28bd77d618d1ba6983c2b2a55a0bc928f62f9e1d9079f7c586277b21653ce72,all pre-2025 terms exposed through aggregate calibration
retrospective-exposed,2023,59,expanding-history,0.8228893747508819,1.8684892745421147,0.06981095317387676,9218,2022,8b5da2765a3dcb35d69281723b080f54449aa78416ead9ddc8e044486752399a,all pre-2025 terms exposed through aggregate calibration
retrospective-exposed,2023,59,previous-term,0.845323550679906,1.9067475786945338,0.15623291416074356,58,2022,168ea2ec7f748a5eacf8a2889e8dce3360a823e931ca9efb50bd591ca54f3207,all pre-2025 terms exposed through aggregate calibration
retrospective-exposed,2024,64,frozen-generator,0.7729534550000001,1.6031153198651877,0.1777,0,,e4bbc272aad6c2145af2d1bef1aa01664b71a8d3786137d3d674072662b0a4ba,all pre-2025 terms exposed through aggregate calibration
retrospective-exposed,2024,64,recency-weighted-15y,0.773859983382738,1.6110225033130563,0.17744440105260612,1088,2023,c7a899541d876150499208341b970849a12c56ec4137c6ff8e7b1e74cf3156d2,all pre-2025 terms exposed through aggregate calibration
retrospective-exposed,2024,64,expanding-history,0.7683615432084956,1.588707726544432,0.1593174226915203,9277,2023,aab903bf975dbcc5b8d6efe2a1b6dabd7b54d698df7013f142dffc87206d9c38,all pre-2025 terms exposed through aggregate calibration
retrospective-exposed,2024,64,previous-term,0.7799902368354747,1.6403876228534748,0.2123015873015873,59,2023,8075216ac38de5a1aec7cc9ce901de4750c0b234754b13d157fed6c37ecf9edd,all pre-2025 terms exposed through aggregate calibration
