contrast,claim,left,right,kind,metric,expectedSign,role,measurementCaveat,cells,pointMin,pointMax,positiveCells,negativeCells,nearZeroCells,intervalsAboveZero,intervalsBelowZero,classification
emergency-base,emergency,reasoned-emergency-review,current-federal-court,base,emergencyReasonGivingRate,1,registered-component,Procedural event partly imposed by the design; conditional on emergency orders,52,-0.025453342953342954,0.8798409039802423,48,3,1,48,1,sign-reversing
emergency-base,emergency,reasoned-emergency-review,current-federal-court,base,meritsFollowUpRate,1,registered-component,Procedural event partly imposed by the design; conditional on emergency orders,52,0.008333333333333333,1.0,50,0,2,49,0,mixed/weak
emergency-base,emergency,reasoned-emergency-review,current-federal-court,base,averageTimeToReview,1,registered-component,Shared docket input; cannot identify a design-specific duration effect,52,0.0,0.0,0,0,52,0,0,mixed/weak
emergency-base,emergency,reasoned-emergency-review,current-federal-court,base,totalInstitutionalCost,1,registered-component,Constructed normalized cost index with assigned structural coefficients,52,0.009536157309050145,0.013712440394173525,8,0,44,52,0,mixed/weak
emergency-base,emergency,reasoned-emergency-review,current-federal-court,base,shadowDocketAbuse,-1,registered-component,Constructed emergency-process irregularity index; not a legal finding of abuse,52,-0.8280151123572862,-0.04563750039867152,0,52,0,0,52,stable
emergency-base,emergency,reasoned-emergency-review,current-federal-court,base,institutionalDelayCost,0,additional-diagnostic,Constructed delay-cost index; not a replacement for the registered duration endpoint,52,0.0028806088379205864,0.008536153461111334,0,0,52,52,0,descriptive-only
screening-base,screening,constitutional-council,current-federal-court,base,directCourtCost,0,registered-diagnostic,Direct-only normalized accounting view; no directional superiority prespecified,52,0.13579879166666667,0.1375280666666667,52,0,0,52,0,descriptive-only
screening-base,screening,constitutional-council,current-federal-court,base,upstreamScreeningCost,1,registered-component,Constructed upstream-burden score partly imposed by intake rules,52,0.00042937254353126543,0.002158944787797155,0,0,52,52,0,mixed/weak
screening-base,screening,constitutional-council,current-federal-court,base,capacityStrainCost,0,registered-diagnostic,Constructed capacity score; no directional superiority prespecified,52,0.0630906701598096,0.07927697336235422,52,0,0,52,0,descriptive-only
screening-base,screening,constitutional-council,current-federal-court,base,totalInstitutionalCost,0,registered-diagnostic,Constructed total index; not the arithmetic sum of raw monetary costs,52,0.08282305261781465,0.08602351907989862,52,0,0,52,0,descriptive-only
screening-base,screening,constitutional-council,current-federal-court,base,intakeAcceptanceRate,0,registered-diagnostic,Reviewed cases divided by simulated intake filings; no directional superiority prespecified,52,-0.0007993183938877741,-0.00015203891129027865,0,0,52,0,52,descriptive-only
screening-base,screening,constitutional-council,current-federal-court,base,councilScreenRate,1,registered-component,Mechanism activation conditional on reviewed cases; not independent validation,52,1.0,1.0,52,0,0,52,0,stable
screening-base,screening,constitutional-council,current-federal-court,base,administrativeLoad,0,additional-diagnostic,Constructed administrative load; descriptive only,52,0.24621500000000002,0.26827208333333347,52,0,0,52,0,descriptive-only
weak-form-base,weak-form,weak-form-review,current-federal-court,base,legislativeResponseRate,1,registered-component,Response event depends on assigned triggers and credibility rules,52,0.14958333333333332,0.5447916666666667,52,0,0,52,0,stable
weak-form-base,weak-form,weak-form-review,current-federal-court,base,legislativeResponseCredibility,1,registered-component,Constructed credibility score; directly scaled by the response intervention,52,0.044312499999999935,0.09053124999999992,52,0,0,52,0,stable
weak-form-base,weak-form,weak-form-review,current-federal-court,base,timelyLegislativeResponseRate,1,registered-component,Conditional on positive replies; no replies is not an observed late reply,52,0.0,0.32791827353053815,39,0,13,40,0,mixed/weak
weak-form-base,weak-form,weak-form-review,current-federal-court,base,rightsProtection,1,registered-component,Constructed rights-protection score; not constitutional correctness,52,-0.005493846719736018,0.059780764390000456,44,0,8,48,4,mixed/weak
weak-form-base,weak-form,weak-form-review,current-federal-court,base,complianceRate,1,registered-component,Simulated compliance event share; not an observed reform effect,52,0.19229166666666667,0.3909375,52,0,0,52,0,stable
weak-form-base,weak-form,weak-form-review,current-federal-court,base,democraticResponsiveness,1,registered-component,Constructed responsiveness index,52,0.046714517676048964,0.10881764096600652,52,0,0,52,0,stable
weak-form-base,weak-form,weak-form-review,current-federal-court,base,vetoRelocationRisk,-1,registered-component,Constructed veto-risk index with design-specific terms,52,-0.38134984847238723,-0.29071430486130045,0,52,0,0,52,stable
weak-form-base,weak-form,weak-form-review,current-federal-court,base,totalInstitutionalCost,0,registered-diagnostic,Constructed cost index; no cost superiority prespecified,52,-0.0947338555341476,-0.08436301316844447,0,52,0,0,52,descriptive-only
weak-form-base,weak-form,weak-form-review,current-federal-court,base,averageLegislativeResponseDelay,0,additional-diagnostic,Conditional on positive replies; zero replies is not instantaneous response,52,0.36067750297682355,0.4894585842772386,52,0,0,52,0,descriptive-only
emergency-ablation,emergency,reasoned-with-fast-procedure,reasoned-emergency-review,ablation,emergencyReasonGivingRate,0,registered-component,Procedural event partly imposed by the design; conditional on emergency orders,52,-0.7348199058669874,0.17740410052910055,4,48,0,4,48,descriptive-only
emergency-ablation,emergency,reasoned-with-fast-procedure,reasoned-emergency-review,ablation,meritsFollowUpRate,0,registered-component,Procedural event partly imposed by the design; conditional on emergency orders,52,-1.0,-0.008333333333333333,0,50,2,0,49,descriptive-only
emergency-ablation,emergency,reasoned-with-fast-procedure,reasoned-emergency-review,ablation,averageTimeToReview,0,registered-component,Shared docket input; cannot identify a design-specific duration effect,52,0.0,0.0,0,0,52,0,0,descriptive-only
emergency-ablation,emergency,reasoned-with-fast-procedure,reasoned-emergency-review,ablation,totalInstitutionalCost,0,registered-component,Constructed normalized cost index with assigned structural coefficients,52,-0.008348415034641088,-0.0042056552851077915,0,0,52,0,52,descriptive-only
emergency-ablation,emergency,reasoned-with-fast-procedure,reasoned-emergency-review,ablation,shadowDocketAbuse,0,registered-component,Constructed emergency-process irregularity index; not a legal finding of abuse,52,0.04584158116207656,0.7970332224880675,52,0,0,52,0,descriptive-only
emergency-ablation,emergency,reasoned-with-fast-procedure,reasoned-emergency-review,ablation,institutionalDelayCost,0,additional-diagnostic,Constructed delay-cost index; not a replacement for the registered duration endpoint,52,-0.006819548599025029,-0.0012541131690339588,0,0,52,0,52,descriptive-only
screening-ablation,screening,council-with-full-court-structure,constitutional-council,ablation,directCourtCost,0,registered-diagnostic,Direct-only normalized accounting view; no directional superiority prespecified,52,-0.09733164166666668,-0.09712977499999999,0,52,0,0,52,descriptive-only
screening-ablation,screening,council-with-full-court-structure,constitutional-council,ablation,upstreamScreeningCost,0,registered-component,Constructed upstream-burden score partly imposed by intake rules,52,-6.101948266852009e-05,5.9663648686053564e-05,0,0,52,1,1,descriptive-only
screening-ablation,screening,council-with-full-court-structure,constitutional-council,ablation,capacityStrainCost,0,registered-diagnostic,Constructed capacity score; no directional superiority prespecified,52,-0.043843661734209304,-0.04254935465511236,0,52,0,0,52,descriptive-only
screening-ablation,screening,council-with-full-court-structure,constitutional-council,ablation,totalInstitutionalCost,0,registered-diagnostic,Constructed total index; not the arithmetic sum of raw monetary costs,52,-0.05040498611590847,-0.05013495825490654,0,52,0,0,52,descriptive-only
screening-ablation,screening,council-with-full-court-structure,constitutional-council,ablation,intakeAcceptanceRate,0,registered-diagnostic,Reviewed cases divided by simulated intake filings; no directional superiority prespecified,52,-2.259504812034043e-05,2.1826074056555526e-05,0,0,52,1,1,descriptive-only
screening-ablation,screening,council-with-full-court-structure,constitutional-council,ablation,councilScreenRate,0,registered-component,Mechanism activation conditional on reviewed cases; not independent validation,52,-1.0,-1.0,0,52,0,0,52,descriptive-only
screening-ablation,screening,council-with-full-court-structure,constitutional-council,ablation,administrativeLoad,0,additional-diagnostic,Constructed administrative load; descriptive only,52,-0.24098437500000008,-0.23914541666666678,0,52,0,0,52,descriptive-only
weak-form-half,weak-form,weak-form-half-response,weak-form-review,ablation,legislativeResponseRate,0,registered-component,Response event depends on assigned triggers and credibility rules,52,-0.26875,-0.07437500000000001,0,52,0,0,52,descriptive-only
weak-form-half,weak-form,weak-form-half-response,weak-form-review,ablation,legislativeResponseCredibility,0,registered-component,Constructed credibility score; directly scaled by the response intervention,52,-0.3258226971071203,-0.2741563368269996,0,52,0,0,52,descriptive-only
weak-form-half,weak-form,weak-form-half-response,weak-form-review,ablation,timelyLegislativeResponseRate,0,registered-component,Conditional on positive replies; no replies is not an observed late reply,52,-0.3228927362023692,0.0,0,39,13,0,40,descriptive-only
weak-form-half,weak-form,weak-form-half-response,weak-form-review,ablation,rightsProtection,0,registered-component,Constructed rights-protection score; not constitutional correctness,52,-0.019100638883145803,0.0014260608815832992,0,37,15,2,48,descriptive-only
weak-form-half,weak-form,weak-form-half-response,weak-form-review,ablation,complianceRate,0,registered-component,Simulated compliance event share; not an observed reform effect,52,-0.0696875,0.013645833333333334,1,22,29,1,17,descriptive-only
weak-form-half,weak-form,weak-form-half-response,weak-form-review,ablation,democraticResponsiveness,0,registered-component,Constructed responsiveness index,52,-0.040082779467505616,-0.009830242082341189,0,51,1,0,52,descriptive-only
weak-form-half,weak-form,weak-form-half-response,weak-form-review,ablation,vetoRelocationRisk,0,registered-component,Constructed veto-risk index with design-specific terms,52,0.012138484213093789,0.04330843620977241,52,0,0,52,0,descriptive-only
weak-form-half,weak-form,weak-form-half-response,weak-form-review,ablation,totalInstitutionalCost,0,registered-diagnostic,Constructed cost index; no cost superiority prespecified,52,-0.0026434959136300753,-0.0005875545095479814,0,0,52,0,52,descriptive-only
weak-form-half,weak-form,weak-form-half-response,weak-form-review,ablation,averageLegislativeResponseDelay,0,additional-diagnostic,Conditional on positive replies; zero replies is not instantaneous response,52,0.07076271110625867,0.08598540174040428,52,0,0,52,0,descriptive-only
weak-form-off,weak-form,weak-form-no-response,weak-form-review,ablation,legislativeResponseRate,0,registered-component,Response event depends on assigned triggers and credibility rules,52,-0.5447916666666667,-0.14958333333333332,0,52,0,0,52,descriptive-only
weak-form-off,weak-form,weak-form-no-response,weak-form-review,ablation,legislativeResponseCredibility,0,registered-component,Constructed credibility score; directly scaled by the response intervention,52,-0.6521340927511562,-0.5482564236539992,0,52,0,0,52,descriptive-only
weak-form-off,weak-form,weak-form-no-response,weak-form-review,ablation,timelyLegislativeResponseRate,0,registered-component,Conditional on positive replies; no replies is not an observed late reply,52,-0.32791827353053815,0.0,0,39,13,0,40,descriptive-only
weak-form-off,weak-form,weak-form-no-response,weak-form-review,ablation,rightsProtection,0,registered-component,Constructed rights-protection score; not constitutional correctness,52,-0.0328357576432219,0.0035692359485069805,0,48,4,4,48,descriptive-only
weak-form-off,weak-form,weak-form-no-response,weak-form-review,ablation,complianceRate,0,registered-component,Simulated compliance event share; not an observed reform effect,52,-0.09520833333333334,0.0026041666666666674,0,29,23,0,22,descriptive-only
weak-form-off,weak-form,weak-form-no-response,weak-form-review,ablation,democraticResponsiveness,0,registered-component,Constructed responsiveness index,52,-0.08070336945361699,-0.018883079945205862,0,52,0,0,52,descriptive-only
weak-form-off,weak-form,weak-form-no-response,weak-form-review,ablation,vetoRelocationRisk,0,registered-component,Constructed veto-risk index with design-specific terms,52,0.02414028371165007,0.0871560411300078,52,0,0,52,0,descriptive-only
weak-form-off,weak-form,weak-form-no-response,weak-form-review,ablation,totalInstitutionalCost,0,registered-diagnostic,Constructed cost index; no cost superiority prespecified,52,-0.005096375663120112,-0.0013983973732881484,0,0,52,0,52,descriptive-only
weak-form-off,weak-form,weak-form-no-response,weak-form-review,ablation,averageLegislativeResponseDelay,0,additional-diagnostic,Conditional on positive replies; zero replies is not instantaneous response,52,-0.4894585842772386,-0.36067750297682355,0,52,0,0,52,descriptive-only
weak-form-half-v-current,weak-form,weak-form-half-response,current-federal-court,persistence,legislativeResponseRate,0,registered-component,Response event depends on assigned triggers and credibility rules,52,0.07520833333333334,0.27729166666666666,52,0,0,52,0,descriptive-only
weak-form-half-v-current,weak-form,weak-form-half-response,current-federal-court,persistence,legislativeResponseCredibility,0,registered-component,Constructed credibility score; directly scaled by the response intervention,52,-0.2676252790666661,-0.21245360311174474,0,52,0,0,52,descriptive-only
weak-form-half-v-current,weak-form,weak-form-half-response,current-federal-court,persistence,timelyLegislativeResponseRate,0,registered-component,Conditional on positive replies; no replies is not an observed late reply,52,0.0,0.005025537328168907,0,0,52,3,0,descriptive-only
weak-form-half-v-current,weak-form,weak-form-half-response,current-federal-court,persistence,rightsProtection,0,registered-component,Constructed rights-protection score; not constitutional correctness,52,-0.020736663550336282,0.060997183810801554,44,8,0,44,8,descriptive-only
weak-form-half-v-current,weak-form,weak-form-half-response,current-federal-court,persistence,complianceRate,0,registered-component,Simulated compliance event share; not an observed reform effect,52,0.17760416666666667,0.3872916666666667,52,0,0,52,0,descriptive-only
weak-form-half-v-current,weak-form,weak-form-half-response,current-federal-court,persistence,democraticResponsiveness,0,registered-component,Constructed responsiveness index,52,0.02394124591027582,0.0973683201791884,52,0,0,52,0,descriptive-only
weak-form-half-v-current,weak-form,weak-form-half-response,current-federal-court,persistence,vetoRelocationRisk,0,registered-component,Constructed veto-risk index with design-specific terms,52,-0.338323455391207,-0.27802110039598577,0,52,0,0,52,descriptive-only
weak-form-half-v-current,weak-form,weak-form-half-response,current-federal-court,persistence,totalInstitutionalCost,0,registered-diagnostic,Constructed cost index; no cost superiority prespecified,52,-0.09532141004369558,-0.08515764387446552,0,52,0,0,52,descriptive-only
weak-form-half-v-current,weak-form,weak-form-half-response,current-federal-court,persistence,averageLegislativeResponseDelay,0,additional-diagnostic,Conditional on positive replies; zero replies is not instantaneous response,52,0.44443111454634737,0.5623511883576678,52,0,0,52,0,descriptive-only
weak-form-off-v-current,weak-form,weak-form-no-response,current-federal-court,persistence,legislativeResponseRate,0,registered-component,Response event depends on assigned triggers and credibility rules,52,0.0,0.0,0,0,52,0,0,descriptive-only
weak-form-off-v-current,weak-form,weak-form-no-response,current-federal-court,persistence,legislativeResponseCredibility,0,registered-component,Constructed credibility score; directly scaled by the response intervention,52,-0.5922945094178229,-0.4888689236539993,0,52,0,0,52,descriptive-only
weak-form-off-v-current,weak-form,weak-form-no-response,current-federal-court,persistence,timelyLegislativeResponseRate,0,registered-component,Conditional on positive replies; no replies is not an observed late reply,52,0.0,0.0,0,0,52,0,0,descriptive-only
weak-form-off-v-current,weak-form,weak-form-no-response,current-federal-court,persistence,rightsProtection,0,registered-component,Constructed rights-protection score; not constitutional correctness,52,-0.0323020735206496,0.06335000033850743,8,8,36,44,8,descriptive-only
weak-form-off-v-current,weak-form,weak-form-no-response,current-federal-court,persistence,complianceRate,0,registered-component,Simulated compliance event share; not an observed reform effect,52,0.1625,0.38416666666666666,52,0,0,52,0,descriptive-only
weak-form-off-v-current,weak-form,weak-form-no-response,current-federal-court,persistence,democraticResponsiveness,0,registered-component,Constructed responsiveness index,52,-0.0001633706023071187,0.08454473098773486,48,0,4,48,0,descriptive-only
weak-form-off-v-current,weak-form,weak-form-no-response,current-federal-court,persistence,vetoRelocationRisk,0,registered-component,Constructed veto-risk index with design-specific terms,52,-0.3031084792508649,-0.26542242399802934,0,52,0,0,52,descriptive-only
weak-form-off-v-current,weak-form,weak-form-no-response,current-federal-court,persistence,totalInstitutionalCost,0,registered-diagnostic,Constructed cost index; no cost superiority prespecified,52,-0.09644895671352888,-0.08609285434542172,0,52,0,0,52,descriptive-only
weak-form-off-v-current,weak-form,weak-form-no-response,current-federal-court,persistence,averageLegislativeResponseDelay,0,additional-diagnostic,Conditional on positive replies; zero replies is not instantaneous response,52,0.0,0.0,0,0,52,0,0,descriptive-only
