caseKey,caseName,caseDescription,scenarioKey,scenario,scenarioKind,reviewMechanism,totalCases,reviewedCases,invalidations,emergencyOrders,emergencyReliefs,meritsReviews,meritsInvalidations,overrides,intakeFilings,screenedFilings,directionalScore,reviewRate,intakeAcceptanceRate,emergencyReliefRate,meritsReviewRate,meritsInvalidationRate,emergencyReasonGivingRate,emergencyVoteDisclosureRate,emergencyPublicDisagreementRate,governmentEmergencyApplicantShare,governmentEmergencyWinRate,meritsFollowUpRate,legalStability,rightsProtection,partisanAlignment,shadowDocketAbuse,legitimacy,reversalRate,constitutionalConflict,democraticResponsiveness,legislativeResponseCredibility,caseSelectionAccess,governmentRepeatPlayerAdvantage,implementationCapacity,democraticConstitutionalism,vetoRelocationRisk,legalTransplantFeasibility,politicalCultureSensitivity,independenceAccountabilityBalance,concurrenceFragmentation,dissentIntensity,recusalRate,enBancRate,crossCheckRate,councilScreenRate,overrideRate,weakFormDeclarationRate,suspendedDeclarationRate,legislativeResponseRate,invalidationLegislativeResponseRate,averageLegislativeResponseDelay,timelyLegislativeResponseRate,rightsImpactStatementRate,ombudsmanTriggerRate,publicDefenderParticipationRate,preEnactmentReviewRate,abstractReviewRate,preliminaryReferenceRate,appealRouteRate,directActionRate,lowerCourtConflict,averageTimeToReview,replacementRate,stateCaseShare,mixedJurisdictionShare,averageLowerCourtDepth,stateFederalTension,intercourtConflict,complianceRate,defianceRate,workaroundRate,repeatedLitigationRate,executiveImplementationRate,agencyNonacquiescenceRate,legislativeReenactmentRate,invalidationLegislativeReenactmentRate,localGovernmentComplianceRate,publicTrust,legislativeConflict,courtCurbingPressure,amendmentPressure,administrativeLoad,directCourtCost,upstreamScreeningCost,capacityStrainCost,institutionalBudgetCost,institutionalDelayCost,implementationComplexity,totalInstitutionalCost,statuteDispositions,statuteNullifications,statuteNullificationRate
baseline,Baseline,Moderately polarized appointment environment with ordinary constitutional-review pressure.,current-federal-court,Current-style federal supreme court,court_variant,strong_form_court,9600,9600,2527,4265,2823,5335,2527,0,403593,393993,0.525,1.000,0.024,0.662,0.556,0.474,0.027,0.367,0.568,0.811,0.641,0.000,0.791,0.687,0.200,0.366,0.582,0.263,0.342,0.406,0.551,0.432,0.357,0.612,0.571,0.529,0.644,0.728,0.739,0.277,0.313,0.013,0.000,0.000,0.000,0.000,0.000,0.000,0.000,0.000,0.000,0.000,0.000,0.000,0.000,0.000,0.000,0.000,0.000,0.000,0.700,0.603,0.109,0.346,0.261,2.428,0.555,0.495,0.410,0.269,0.155,0.291,0.418,0.174,0.069,0.094,0.240,0.027,0.915,0.857,0.757,0.483,0.306,0.689,0.418,0.379,0.436,0.433,0.450,3535,1391,0.393
baseline,Baseline,Moderately polarized appointment environment with ordinary constitutional-review pressure.,eighteen-year-terms,Staggered 18-year nonrenewable terms,court_variant,strong_form_court,9600,9600,2313,4244,2610,5356,2313,0,403719,394119,0.535,1.000,0.024,0.615,0.558,0.432,0.032,0.373,0.538,0.803,0.589,0.000,0.801,0.695,0.184,0.359,0.592,0.241,0.336,0.416,0.551,0.432,0.357,0.612,0.578,0.520,0.645,0.727,0.835,0.244,0.302,0.013,0.000,0.000,0.000,0.000,0.000,0.000,0.000,0.000,0.000,0.000,0.000,0.000,0.000,0.000,0.000,0.000,0.000,0.000,0.700,0.603,0.272,0.346,0.261,2.428,0.555,0.495,0.410,0.273,0.150,0.294,0.416,0.170,0.072,0.101,0.246,0.029,0.905,0.843,0.751,0.491,0.311,0.689,0.433,0.383,0.438,0.435,0.455,3543,1267,0.358
baseline,Baseline,Moderately polarized appointment environment with ordinary constitutional-review pressure.,fifteen-justice-commission,Fifteen-justice supermajority commission court,court_variant,strong_form_court,9600,9600,3416,1663,682,8418,3416,0,416352,406752,0.615,1.000,0.023,0.410,0.877,0.406,0.682,0.585,0.268,0.823,0.376,0.289,0.887,0.739,0.151,0.062,0.708,0.356,0.248,0.462,0.578,0.432,0.357,0.617,0.643,0.436,0.645,0.717,0.899,0.187,0.274,0.042,0.000,0.000,0.000,0.000,0.000,0.000,0.000,0.000,0.000,0.000,0.000,0.000,0.000,0.000,0.000,0.000,0.000,0.000,0.700,0.603,0.340,0.346,0.261,2.428,0.555,0.495,0.552,0.167,0.132,0.197,0.560,0.123,0.061,0.089,0.372,0.056,0.692,0.679,0.449,0.477,0.364,0.691,0.421,0.438,0.444,0.453,0.470,5521,1851,0.335
baseline,Baseline,Moderately polarized appointment environment with ordinary constitutional-review pressure.,supermajority-invalidation,Supermajority required to invalidate laws,court_variant,strong_form_court,9600,9600,3241,1667,755,8411,3241,0,416331,406731,0.604,1.000,0.023,0.453,0.876,0.385,0.637,0.513,0.287,0.827,0.426,0.287,0.896,0.736,0.168,0.064,0.684,0.338,0.248,0.459,0.568,0.432,0.357,0.616,0.638,0.446,0.644,0.720,0.772,0.237,0.294,0.014,0.000,0.000,0.000,0.000,0.000,0.000,0.000,0.000,0.000,0.000,0.000,0.000,0.000,0.000,0.000,0.000,0.000,0.000,0.700,0.603,0.113,0.346,0.261,2.428,0.555,0.495,0.536,0.176,0.141,0.210,0.547,0.127,0.065,0.090,0.356,0.051,0.717,0.701,0.496,0.456,0.304,0.691,0.399,0.378,0.441,0.489,0.457,5497,1767,0.321
baseline,Baseline,Moderately polarized appointment environment with ordinary constitutional-review pressure.,strict-recusal-court,Strict recusal with substitute justices,court_variant,strong_form_court,9600,9600,3276,1723,697,8354,3276,0,416042,406442,0.622,1.000,0.023,0.405,0.870,0.392,0.709,0.675,0.270,0.832,0.372,0.277,0.888,0.739,0.150,0.063,0.726,0.341,0.247,0.463,0.584,0.432,0.357,0.613,0.648,0.434,0.644,0.720,0.914,0.187,0.270,0.052,0.000,0.000,0.000,0.000,0.000,0.000,0.000,0.000,0.000,0.000,0.000,0.000,0.000,0.000,0.000,0.000,0.000,0.000,0.700,0.603,0.344,0.346,0.261,2.428,0.555,0.495,0.572,0.160,0.125,0.185,0.577,0.111,0.061,0.089,0.393,0.060,0.640,0.633,0.397,0.478,0.363,0.691,0.422,0.437,0.444,0.487,0.476,5478,1779,0.325
baseline,Baseline,Moderately polarized appointment environment with ordinary constitutional-review pressure.,reasoned-emergency-review,Reasoned emergency orders with merits follow-up,court_variant,strong_form_court,9600,9600,4269,1093,480,9600,4269,0,419138,409538,0.625,1.000,0.023,0.439,1.000,0.445,0.872,0.691,0.140,0.855,0.419,1.000,0.891,0.740,0.169,0.003,0.740,0.445,0.239,0.459,0.596,0.432,0.357,0.617,0.649,0.446,0.644,0.719,0.822,0.204,0.286,0.043,0.000,0.000,0.000,0.000,0.000,0.000,0.000,0.000,0.000,0.000,0.000,0.000,0.000,0.000,0.000,0.000,0.000,0.000,0.700,0.603,0.272,0.346,0.261,2.428,0.555,0.495,0.572,0.160,0.131,0.183,0.574,0.121,0.065,0.088,0.381,0.062,0.685,0.693,0.386,0.463,0.310,0.691,0.410,0.383,0.444,0.484,0.460,6259,2327,0.372
baseline,Baseline,Moderately polarized appointment environment with ordinary constitutional-review pressure.,panel-en-banc-review,Panel review with en banc safety valve,court_variant,strong_form_court,9600,9600,3487,1693,706,8390,3487,0,416178,406578,0.609,1.000,0.023,0.417,0.874,0.416,0.676,0.647,0.247,0.825,0.379,0.285,0.883,0.739,0.150,0.062,0.720,0.363,0.249,0.462,0.583,0.432,0.357,0.609,0.643,0.433,0.644,0.720,0.924,0.172,0.247,0.042,0.746,0.000,0.000,0.000,0.000,0.000,0.000,0.000,0.000,0.000,0.000,0.000,0.000,0.000,0.000,0.000,0.000,0.000,0.700,0.603,0.344,0.346,0.261,2.428,0.555,0.495,0.543,0.178,0.132,0.205,0.542,0.129,0.061,0.083,0.356,0.054,0.708,0.699,0.461,0.666,0.433,0.691,0.455,0.503,0.514,0.478,0.511,5528,1905,0.345
baseline,Baseline,Moderately polarized appointment environment with ordinary constitutional-review pressure.,dual-cross-checking-courts,Dual supreme courts with cross-checking invalidations,court_variant,strong_form_court,9600,9600,3156,768,257,9600,3156,0,420738,411138,0.628,1.000,0.023,0.335,1.000,0.329,0.867,0.704,0.124,0.882,0.307,1.000,0.915,0.747,0.138,0.003,0.751,0.329,0.244,0.472,0.588,0.432,0.357,0.587,0.650,0.596,0.641,0.733,0.889,0.152,0.261,0.072,0.000,1.000,0.000,0.000,0.000,0.000,0.000,0.000,0.000,0.000,0.000,0.000,0.000,0.000,0.000,0.000,0.000,0.000,0.700,0.603,0.342,0.346,0.261,2.428,0.555,0.495,0.646,0.122,0.106,0.156,0.643,0.089,0.047,0.070,0.461,0.074,0.500,0.476,0.294,0.859,0.518,0.691,0.565,0.584,0.571,0.620,0.589,6259,1706,0.273
baseline,Baseline,Moderately polarized appointment environment with ordinary constitutional-review pressure.,constitutional-council,Pre-enactment constitutional council,court_variant,strong_form_court,9600,9600,2557,1649,590,8405,2557,0,416386,406786,0.632,1.000,0.023,0.358,0.876,0.304,0.750,0.721,0.251,0.841,0.320,0.275,0.950,0.741,0.130,0.058,0.753,0.266,0.237,0.471,0.586,0.432,0.357,0.600,0.652,0.662,0.643,0.726,0.932,0.125,0.235,0.071,0.000,0.000,1.000,0.000,0.000,0.000,0.000,0.000,0.000,0.000,0.000,0.000,0.000,0.000,0.000,0.000,0.000,0.000,0.700,0.603,0.538,0.346,0.261,2.428,0.555,0.495,0.674,0.105,0.099,0.143,0.669,0.073,0.046,0.070,0.498,0.081,0.402,0.349,0.245,0.731,0.442,0.691,0.482,0.511,0.512,0.563,0.533,5514,1370,0.248
baseline,Baseline,Moderately polarized appointment environment with ordinary constitutional-review pressure.,legislative-override-court,Judicial review with delayed legislative override,court_variant,strong_form_court,9600,9600,3554,1683,722,8382,3554,165,416268,406668,0.592,1.000,0.023,0.429,0.873,0.424,0.656,0.550,0.285,0.832,0.395,0.276,0.875,0.733,0.162,0.064,0.700,0.370,0.255,0.463,0.579,0.432,0.357,0.612,0.637,0.435,0.644,0.724,0.897,0.213,0.283,0.042,0.000,0.000,0.000,0.046,0.000,0.000,0.017,0.046,0.546,0.000,0.000,0.000,0.000,0.000,0.000,0.000,0.000,0.000,0.700,0.603,0.288,0.346,0.261,2.428,0.555,0.495,0.530,0.187,0.136,0.205,0.537,0.131,0.067,0.093,0.353,0.049,0.748,0.733,0.508,0.470,0.311,0.691,0.416,0.384,0.444,0.513,0.466,5478,1940,0.354
baseline,Baseline,Moderately polarized appointment environment with ordinary constitutional-review pressure.,accountability-retention-court,Retention-election accountability court,court_variant,strong_form_court,9600,9600,2323,1686,448,8413,2323,344,416267,406667,0.622,1.000,0.023,0.266,0.876,0.276,0.680,0.595,0.234,0.839,0.235,0.296,0.895,0.729,0.139,0.057,0.723,0.242,0.242,0.483,0.575,0.432,0.357,0.609,0.656,0.407,0.644,0.725,0.814,0.237,0.230,0.043,0.000,0.000,0.000,0.148,0.000,0.000,0.036,0.148,0.556,0.000,0.000,0.000,0.000,0.000,0.000,0.000,0.000,0.000,0.700,0.603,0.697,0.346,0.261,2.428,0.555,0.495,0.634,0.117,0.107,0.158,0.634,0.083,0.048,0.072,0.455,0.067,0.450,0.396,0.299,0.490,0.322,0.691,0.452,0.395,0.448,0.540,0.482,5535,1278,0.231
baseline,Baseline,Moderately polarized appointment environment with ordinary constitutional-review pressure.,independence-accountability-hybrid,Hybrid court balancing independence and accountability,court_variant,strong_form_court,9600,9600,3422,1072,367,9600,3422,0,419241,409641,0.640,1.000,0.023,0.342,1.000,0.356,0.886,0.729,0.107,0.876,0.321,1.000,0.918,0.746,0.142,0.002,0.754,0.356,0.228,0.471,0.590,0.432,0.357,0.594,0.663,0.433,0.642,0.732,0.926,0.135,0.246,0.052,0.713,0.000,0.000,0.000,0.000,0.000,0.000,0.000,0.000,0.000,0.000,0.000,0.000,0.000,0.000,0.000,0.000,0.000,0.700,0.603,0.348,0.346,0.261,2.428,0.555,0.495,0.637,0.119,0.115,0.159,0.633,0.102,0.054,0.080,0.441,0.075,0.494,0.510,0.290,0.657,0.456,0.691,0.450,0.526,0.513,0.633,0.542,6259,1854,0.296
baseline,Baseline,Moderately polarized appointment environment with ordinary constitutional-review pressure.,weak-form-review,Weak-form review with legislative reply,synthetic_mechanism,weak_form_review,9600,9600,0,1702,592,8375,0,0,10988,1388,0.699,1.000,0.874,0.348,0.872,0.000,0.721,0.665,0.253,0.838,0.307,0.280,0.962,0.718,0.117,0.060,0.754,0.000,0.208,0.506,0.623,0.540,0.357,0.640,0.709,0.177,0.678,0.759,0.947,0.104,0.254,0.043,0.000,0.000,0.000,0.000,0.357,0.000,0.376,0.000,0.418,0.049,0.000,0.000,0.000,0.000,0.000,0.000,0.000,0.000,0.700,0.603,0.301,0.346,0.261,2.428,0.555,0.495,0.802,0.035,0.037,0.085,0.796,0.025,0.008,0.000,0.614,0.194,0.069,0.008,0.057,0.471,0.311,0.396,0.294,0.320,0.411,0.408,0.359,5485,0,0.000
baseline,Baseline,Moderately polarized appointment environment with ordinary constitutional-review pressure.,suspended-declaration-review,Suspended declarations of invalidity,synthetic_mechanism,suspended_declaration,9600,9600,4245,1086,404,9600,4245,0,10599,999,0.675,1.000,0.906,0.372,1.000,0.442,0.871,0.650,0.111,0.851,0.346,1.000,0.929,0.724,0.148,0.003,0.761,0.442,0.246,0.517,0.637,0.543,0.357,0.629,0.680,0.207,0.624,0.836,0.926,0.153,0.257,0.041,0.000,0.000,0.000,0.000,0.000,0.442,0.451,1.000,0.319,0.881,0.000,0.000,0.000,0.000,0.000,0.000,0.000,0.000,0.700,0.603,0.350,0.346,0.261,2.428,0.555,0.495,0.596,0.154,0.121,0.179,0.588,0.114,0.060,0.075,0.391,0.063,0.673,0.682,0.368,0.468,0.329,0.448,0.293,0.349,0.419,0.451,0.383,6259,2306,0.368
baseline,Baseline,Moderately polarized appointment environment with ordinary constitutional-review pressure.,override-clause-review,Strong-form review with explicit override clause,synthetic_mechanism,legislative_override_clause,9600,9600,3356,1687,689,8400,3356,0,85565,75965,0.614,1.000,0.112,0.408,0.875,0.400,0.691,0.610,0.258,0.838,0.379,0.289,0.894,0.738,0.151,0.062,0.737,0.350,0.221,0.462,0.580,0.442,0.357,0.623,0.655,0.355,0.632,0.862,0.914,0.187,0.272,0.042,0.000,0.000,0.000,0.000,0.000,0.000,0.261,0.747,0.620,0.000,0.000,0.000,0.000,0.000,0.000,0.000,0.000,0.000,0.700,0.603,0.295,0.346,0.261,2.428,0.555,0.495,0.605,0.129,0.124,0.172,0.604,0.107,0.059,0.094,0.414,0.069,0.531,0.564,0.316,0.470,0.311,0.581,0.355,0.360,0.433,0.485,0.425,5515,1819,0.330
baseline,Baseline,Moderately polarized appointment environment with ordinary constitutional-review pressure.,pre-enactment-review,Pre-enactment review before laws take effect,synthetic_mechanism,pre_enactment_review,9600,9600,2330,1713,569,8361,2330,0,11223,1623,0.652,1.000,0.855,0.332,0.871,0.279,0.728,0.705,0.264,0.847,0.296,0.277,0.953,0.766,0.124,0.060,0.755,0.243,0.234,0.473,0.583,0.539,0.357,0.617,0.667,0.511,0.581,0.833,0.923,0.116,0.246,0.070,0.000,0.000,1.000,0.000,0.000,0.000,0.000,0.000,0.000,0.000,0.381,0.000,0.000,0.833,0.872,0.000,0.000,0.000,0.700,0.603,0.541,0.346,0.261,2.428,0.555,0.495,0.683,0.094,0.093,0.139,0.674,0.069,0.041,0.052,0.491,0.083,0.358,0.315,0.233,0.731,0.442,0.408,0.360,0.448,0.471,0.519,0.437,5477,1284,0.234
baseline,Baseline,Moderately polarized appointment environment with ordinary constitutional-review pressure.,abstract-review-tribunal,Abstract review tribunal,synthetic_mechanism,abstract_review,9600,9600,3849,790,324,9600,3849,0,10373,773,0.643,1.000,0.925,0.410,1.000,0.401,0.866,0.699,0.115,0.876,0.384,1.000,0.909,0.770,0.153,0.004,0.747,0.401,0.234,0.466,0.591,0.544,0.357,0.617,0.665,0.312,0.565,0.905,0.873,0.153,0.258,0.070,0.711,0.000,0.000,0.000,0.000,0.000,0.000,0.000,0.000,0.000,0.381,0.000,0.000,0.833,0.872,0.000,0.000,0.000,0.700,0.603,0.338,0.346,0.261,2.428,0.555,0.495,0.603,0.139,0.124,0.173,0.608,0.106,0.063,0.090,0.413,0.069,0.590,0.616,0.327,0.657,0.433,0.440,0.324,0.448,0.475,0.525,0.436,6259,2080,0.332
baseline,Baseline,Moderately polarized appointment environment with ordinary constitutional-review pressure.,ombudsman-triggered-review,Ombudsman-triggered constitutional review,synthetic_mechanism,ombudsman_triggered_review,9600,9600,3720,1676,771,8391,3720,0,1059321,1049721,0.607,1.000,0.009,0.460,0.874,0.443,0.727,0.675,0.262,0.824,0.423,0.279,0.883,0.736,0.153,0.063,0.729,0.388,0.252,0.458,0.590,0.430,0.357,0.607,0.632,0.525,0.604,0.775,0.933,0.154,0.245,0.041,0.000,0.000,0.000,0.000,0.000,0.000,0.000,0.000,0.000,0.000,0.000,0.263,0.000,0.000,0.000,0.000,0.000,0.000,0.700,0.603,0.357,0.346,0.261,2.428,0.555,0.495,0.533,0.183,0.139,0.208,0.545,0.133,0.069,0.094,0.355,0.053,0.728,0.716,0.484,0.474,0.332,0.875,0.459,0.446,0.466,0.487,0.516,5494,2017,0.367
baseline,Baseline,Moderately polarized appointment environment with ordinary constitutional-review pressure.,constitutional-public-defender,Constitutional public defender access model,synthetic_mechanism,constitutional_public_defender,9600,9600,4433,1089,493,9600,4433,0,1167862,1158262,0.618,1.000,0.008,0.453,1.000,0.462,0.873,0.674,0.127,0.870,0.423,1.000,0.887,0.773,0.164,0.003,0.741,0.462,0.240,0.461,0.594,0.430,0.357,0.606,0.646,0.514,0.632,0.746,0.926,0.172,0.248,0.043,0.000,0.000,0.000,0.000,0.000,0.000,0.000,0.000,0.000,0.000,0.000,0.000,0.306,0.000,0.000,0.000,0.000,0.000,0.700,0.603,0.352,0.346,0.261,2.428,0.555,0.495,0.537,0.173,0.143,0.204,0.551,0.133,0.071,0.098,0.346,0.057,0.735,0.744,0.433,0.469,0.333,0.854,0.457,0.443,0.466,0.520,0.518,6259,2407,0.385
baseline,Baseline,Moderately polarized appointment environment with ordinary constitutional-review pressure.,rights-impact-statement-review,Rights-impact statements before review,synthetic_mechanism,rights_impact_statement,9600,9600,2088,1654,538,8425,2088,0,11154,1554,0.688,1.000,0.861,0.325,0.878,0.248,0.753,0.747,0.218,0.830,0.295,0.290,0.955,0.805,0.118,0.056,0.773,0.218,0.231,0.475,0.584,0.539,0.357,0.617,0.691,0.502,0.699,0.709,0.849,0.108,0.231,0.070,0.000,0.000,1.000,0.000,0.000,0.000,0.000,0.000,0.000,0.000,1.000,0.000,0.000,0.833,0.872,0.000,0.000,0.000,0.700,0.603,0.556,0.346,0.261,2.428,0.555,0.495,0.720,0.068,0.085,0.126,0.713,0.054,0.038,0.060,0.541,0.096,0.262,0.183,0.155,0.727,0.417,0.425,0.360,0.426,0.473,0.534,0.437,5530,1125,0.203
baseline,Baseline,Moderately polarized appointment environment with ordinary constitutional-review pressure.,mandatory-legislative-response,Mandatory legislative response cycles,synthetic_mechanism,mandatory_legislative_response,9600,9600,3584,1059,294,9600,3584,179,10603,1003,0.659,1.000,0.905,0.278,1.000,0.373,0.867,0.709,0.104,0.846,0.244,1.000,0.920,0.717,0.128,0.002,0.782,0.373,0.197,0.475,0.594,0.543,0.357,0.628,0.680,0.224,0.616,0.916,0.929,0.127,0.239,0.041,0.000,0.000,0.000,0.050,0.000,0.000,0.390,1.000,0.436,0.015,0.000,0.000,0.000,0.000,0.000,0.000,0.000,0.000,0.700,0.603,0.371,0.346,0.261,2.428,0.555,0.495,0.665,0.085,0.115,0.151,0.661,0.079,0.058,0.086,0.472,0.089,0.329,0.359,0.175,0.467,0.312,0.471,0.294,0.337,0.420,0.514,0.394,6259,1933,0.309
polarized-appointments,Polarized appointments,"High appointment polarization, higher partisan pressure, and lower public trust.",current-federal-court,Current-style federal supreme court,court_variant,strong_form_court,9600,9600,2829,4288,3203,5312,2829,0,401822,392222,0.506,1.000,0.024,0.747,0.553,0.533,0.033,0.375,0.584,0.789,0.734,0.000,0.770,0.671,0.261,0.380,0.533,0.295,0.360,0.392,0.532,0.427,0.370,0.598,0.550,0.532,0.635,0.767,0.742,0.297,0.348,0.013,0.000,0.000,0.000,0.000,0.000,0.000,0.000,0.000,0.000,0.000,0.000,0.000,0.000,0.000,0.000,0.000,0.000,0.000,0.701,0.603,0.109,0.354,0.255,2.422,0.555,0.494,0.374,0.296,0.164,0.314,0.371,0.198,0.077,0.108,0.211,0.014,0.935,0.881,0.801,0.483,0.306,0.688,0.418,0.379,0.436,0.433,0.450,3505,1622,0.463
polarized-appointments,Polarized appointments,"High appointment polarization, higher partisan pressure, and lower public trust.",eighteen-year-terms,Staggered 18-year nonrenewable terms,court_variant,strong_form_court,9600,9600,2639,4284,3030,5316,2639,0,401859,392259,0.515,1.000,0.024,0.707,0.554,0.496,0.039,0.392,0.574,0.789,0.690,0.000,0.779,0.678,0.240,0.375,0.542,0.275,0.355,0.400,0.532,0.427,0.370,0.598,0.556,0.523,0.635,0.767,0.837,0.259,0.348,0.013,0.000,0.000,0.000,0.000,0.000,0.000,0.000,0.000,0.000,0.000,0.000,0.000,0.000,0.000,0.000,0.000,0.000,0.000,0.701,0.603,0.272,0.354,0.255,2.422,0.555,0.494,0.372,0.296,0.162,0.321,0.367,0.203,0.072,0.095,0.214,0.014,0.928,0.871,0.796,0.491,0.311,0.688,0.433,0.383,0.437,0.435,0.455,3493,1512,0.433
polarized-appointments,Polarized appointments,"High appointment polarization, higher partisan pressure, and lower public trust.",fifteen-justice-commission,Fifteen-justice supermajority commission court,court_variant,strong_form_court,9600,9600,3741,1690,807,8443,3741,0,414444,404844,0.594,1.000,0.023,0.478,0.879,0.443,0.692,0.594,0.289,0.808,0.455,0.315,0.874,0.735,0.191,0.065,0.665,0.390,0.260,0.458,0.559,0.427,0.370,0.604,0.624,0.439,0.635,0.755,0.901,0.203,0.295,0.045,0.000,0.000,0.000,0.000,0.000,0.000,0.000,0.000,0.000,0.000,0.000,0.000,0.000,0.000,0.000,0.000,0.000,0.000,0.701,0.603,0.340,0.354,0.255,2.422,0.555,0.494,0.468,0.218,0.152,0.231,0.481,0.158,0.073,0.096,0.306,0.027,0.821,0.788,0.603,0.478,0.364,0.690,0.421,0.438,0.444,0.453,0.470,5554,2106,0.379
polarized-appointments,Polarized appointments,"High appointment polarization, higher partisan pressure, and lower public trust.",supermajority-invalidation,Supermajority required to invalidate laws,court_variant,strong_form_court,9600,9600,3673,1714,956,8420,3673,0,414380,404780,0.582,1.000,0.023,0.558,0.877,0.436,0.629,0.516,0.317,0.824,0.540,0.312,0.878,0.729,0.219,0.070,0.636,0.383,0.263,0.452,0.550,0.427,0.370,0.602,0.618,0.449,0.634,0.759,0.774,0.250,0.354,0.013,0.000,0.000,0.000,0.000,0.000,0.000,0.000,0.000,0.000,0.000,0.000,0.000,0.000,0.000,0.000,0.000,0.000,0.000,0.701,0.603,0.113,0.354,0.255,2.422,0.555,0.494,0.482,0.223,0.146,0.235,0.477,0.162,0.070,0.091,0.296,0.025,0.840,0.810,0.635,0.456,0.304,0.690,0.399,0.378,0.441,0.489,0.457,5560,2124,0.382
polarized-appointments,Polarized appointments,"High appointment polarization, higher partisan pressure, and lower public trust.",strict-recusal-court,Strict recusal with substitute justices,court_variant,strong_form_court,9600,9600,3607,1746,846,8405,3607,0,414205,404605,0.601,1.000,0.023,0.485,0.876,0.429,0.708,0.645,0.275,0.814,0.454,0.316,0.874,0.735,0.191,0.065,0.684,0.376,0.259,0.460,0.565,0.427,0.370,0.600,0.629,0.437,0.635,0.759,0.915,0.203,0.291,0.055,0.000,0.000,0.000,0.000,0.000,0.000,0.000,0.000,0.000,0.000,0.000,0.000,0.000,0.000,0.000,0.000,0.000,0.000,0.701,0.603,0.344,0.354,0.255,2.422,0.555,0.494,0.509,0.203,0.138,0.218,0.499,0.153,0.068,0.090,0.323,0.030,0.791,0.768,0.564,0.479,0.363,0.690,0.422,0.437,0.444,0.487,0.476,5560,2064,0.371
polarized-appointments,Polarized appointments,"High appointment polarization, higher partisan pressure, and lower public trust.",reasoned-emergency-review,Reasoned emergency orders with merits follow-up,court_variant,strong_form_court,9600,9600,4797,1084,573,9600,4797,0,417426,407826,0.602,1.000,0.023,0.529,1.000,0.500,0.863,0.684,0.144,0.843,0.509,1.000,0.873,0.733,0.217,0.004,0.694,0.500,0.253,0.453,0.579,0.427,0.370,0.603,0.628,0.450,0.635,0.758,0.825,0.218,0.326,0.043,0.000,0.000,0.000,0.000,0.000,0.000,0.000,0.000,0.000,0.000,0.000,0.000,0.000,0.000,0.000,0.000,0.000,0.000,0.701,0.603,0.272,0.354,0.255,2.422,0.555,0.494,0.502,0.212,0.144,0.219,0.489,0.159,0.072,0.097,0.322,0.028,0.830,0.811,0.578,0.463,0.310,0.691,0.409,0.383,0.444,0.484,0.460,6313,2712,0.430
polarized-appointments,Polarized appointments,"High appointment polarization, higher partisan pressure, and lower public trust.",panel-en-banc-review,Panel review with en banc safety valve,court_variant,strong_form_court,9600,9600,3780,1735,834,8398,3780,0,414261,404661,0.592,1.000,0.023,0.481,0.875,0.450,0.712,0.647,0.273,0.826,0.461,0.307,0.870,0.735,0.189,0.066,0.678,0.394,0.261,0.459,0.564,0.427,0.370,0.596,0.626,0.436,0.635,0.758,0.925,0.187,0.256,0.044,0.757,0.000,0.000,0.000,0.000,0.000,0.000,0.000,0.000,0.000,0.000,0.000,0.000,0.000,0.000,0.000,0.000,0.000,0.701,0.603,0.344,0.354,0.255,2.422,0.555,0.494,0.486,0.214,0.146,0.222,0.490,0.150,0.072,0.100,0.305,0.028,0.816,0.783,0.588,0.670,0.434,0.690,0.456,0.503,0.514,0.479,0.512,5539,2161,0.390
polarized-appointments,Polarized appointments,"High appointment polarization, higher partisan pressure, and lower public trust.",dual-cross-checking-courts,Dual supreme courts with cross-checking invalidations,court_variant,strong_form_court,9600,9600,3379,775,333,9600,3379,0,418887,409287,0.604,1.000,0.023,0.430,1.000,0.352,0.859,0.712,0.151,0.848,0.409,1.000,0.905,0.744,0.171,0.004,0.709,0.352,0.256,0.471,0.568,0.427,0.370,0.574,0.630,0.598,0.631,0.772,0.891,0.165,0.277,0.076,0.000,1.000,0.000,0.000,0.000,0.000,0.000,0.000,0.000,0.000,0.000,0.000,0.000,0.000,0.000,0.000,0.000,0.000,0.701,0.603,0.342,0.354,0.255,2.422,0.555,0.494,0.537,0.184,0.131,0.200,0.540,0.130,0.063,0.090,0.355,0.034,0.708,0.685,0.491,0.860,0.518,0.691,0.565,0.584,0.571,0.620,0.589,6313,1936,0.307
polarized-appointments,Polarized appointments,"High appointment polarization, higher partisan pressure, and lower public trust.",constitutional-council,Pre-enactment constitutional council,court_variant,strong_form_court,9600,9600,2742,1685,706,8431,2742,0,414409,404809,0.609,1.000,0.023,0.419,0.878,0.325,0.751,0.738,0.259,0.815,0.393,0.306,0.943,0.739,0.161,0.061,0.710,0.286,0.247,0.470,0.566,0.427,0.370,0.587,0.631,0.664,0.634,0.765,0.930,0.136,0.250,0.076,0.000,0.000,1.000,0.000,0.000,0.000,0.000,0.000,0.000,0.000,0.000,0.000,0.000,0.000,0.000,0.000,0.000,0.000,0.701,0.603,0.538,0.354,0.255,2.422,0.555,0.494,0.560,0.169,0.120,0.197,0.560,0.122,0.059,0.081,0.370,0.035,0.640,0.627,0.464,0.732,0.443,0.690,0.482,0.511,0.512,0.563,0.533,5541,1541,0.278
polarized-appointments,Polarized appointments,"High appointment polarization, higher partisan pressure, and lower public trust.",legislative-override-court,Judicial review with delayed legislative override,court_variant,strong_form_court,9600,9600,4067,1706,902,8424,4067,187,414328,404728,0.570,1.000,0.023,0.529,0.878,0.483,0.667,0.594,0.309,0.799,0.504,0.311,0.854,0.726,0.210,0.067,0.653,0.424,0.270,0.457,0.562,0.427,0.370,0.598,0.616,0.438,0.635,0.763,0.899,0.226,0.334,0.044,0.000,0.000,0.000,0.046,0.000,0.000,0.019,0.046,0.553,0.000,0.000,0.000,0.000,0.000,0.000,0.000,0.000,0.000,0.701,0.603,0.288,0.354,0.255,2.422,0.555,0.494,0.467,0.239,0.147,0.244,0.461,0.169,0.072,0.100,0.289,0.024,0.852,0.816,0.647,0.470,0.311,0.690,0.416,0.384,0.444,0.513,0.466,5541,2305,0.416
polarized-appointments,Polarized appointments,"High appointment polarization, higher partisan pressure, and lower public trust.",accountability-retention-court,Retention-election accountability court,court_variant,strong_form_court,9600,9600,2665,1727,636,8424,2665,413,414280,404680,0.593,1.000,0.023,0.368,0.878,0.316,0.697,0.611,0.279,0.816,0.332,0.319,0.876,0.725,0.180,0.062,0.676,0.278,0.257,0.481,0.557,0.427,0.370,0.595,0.631,0.408,0.635,0.764,0.812,0.251,0.289,0.046,0.000,0.000,0.000,0.155,0.000,0.000,0.043,0.155,0.549,0.000,0.000,0.000,0.000,0.000,0.000,0.000,0.000,0.000,0.701,0.603,0.697,0.354,0.255,2.422,0.555,0.494,0.497,0.205,0.134,0.226,0.501,0.141,0.061,0.089,0.335,0.031,0.714,0.668,0.554,0.491,0.322,0.690,0.452,0.395,0.448,0.540,0.482,5563,1522,0.274
polarized-appointments,Polarized appointments,"High appointment polarization, higher partisan pressure, and lower public trust.",independence-accountability-hybrid,Hybrid court balancing independence and accountability,court_variant,strong_form_court,9600,9600,3761,1045,452,9600,3761,0,417568,407968,0.617,1.000,0.023,0.433,1.000,0.392,0.889,0.731,0.117,0.832,0.413,1.000,0.906,0.743,0.177,0.003,0.712,0.392,0.240,0.467,0.572,0.427,0.370,0.581,0.642,0.435,0.632,0.771,0.927,0.147,0.261,0.055,0.724,0.000,0.000,0.000,0.000,0.000,0.000,0.000,0.000,0.000,0.000,0.000,0.000,0.000,0.000,0.000,0.000,0.000,0.701,0.603,0.348,0.354,0.255,2.422,0.555,0.494,0.537,0.179,0.135,0.205,0.527,0.141,0.065,0.094,0.351,0.036,0.709,0.707,0.477,0.660,0.457,0.691,0.451,0.527,0.514,0.633,0.543,6313,2135,0.338
polarized-appointments,Polarized appointments,"High appointment polarization, higher partisan pressure, and lower public trust.",weak-form-review,Weak-form review with legislative reply,synthetic_mechanism,weak_form_review,9600,9600,0,1687,705,8434,0,0,10928,1328,0.686,1.000,0.878,0.418,0.879,0.000,0.733,0.667,0.287,0.814,0.397,0.309,0.957,0.712,0.147,0.061,0.702,0.000,0.216,0.508,0.608,0.536,0.370,0.627,0.693,0.173,0.669,0.797,0.947,0.109,0.273,0.044,0.000,0.000,0.000,0.000,0.394,0.000,0.414,0.000,0.423,0.041,0.000,0.000,0.000,0.000,0.000,0.000,0.000,0.000,0.701,0.603,0.301,0.354,0.255,2.422,0.555,0.494,0.754,0.058,0.050,0.111,0.738,0.038,0.014,0.000,0.576,0.068,0.108,0.020,0.159,0.471,0.311,0.396,0.294,0.319,0.411,0.409,0.359,5552,0,0.000
polarized-appointments,Polarized appointments,"High appointment polarization, higher partisan pressure, and lower public trust.",suspended-declaration-review,Suspended declarations of invalidity,synthetic_mechanism,suspended_declaration,9600,9600,4573,1104,500,9600,4573,0,10595,995,0.655,1.000,0.906,0.453,1.000,0.476,0.841,0.679,0.128,0.847,0.424,1.000,0.921,0.716,0.185,0.004,0.720,0.476,0.258,0.519,0.621,0.538,0.370,0.616,0.663,0.205,0.615,0.875,0.927,0.166,0.274,0.044,0.000,0.000,0.000,0.000,0.000,0.476,0.483,1.000,0.321,0.859,0.000,0.000,0.000,0.000,0.000,0.000,0.000,0.000,0.701,0.603,0.350,0.354,0.255,2.422,0.555,0.494,0.520,0.195,0.139,0.214,0.523,0.152,0.070,0.084,0.327,0.030,0.798,0.780,0.534,0.469,0.329,0.448,0.293,0.349,0.420,0.452,0.383,6313,2604,0.412
polarized-appointments,Polarized appointments,"High appointment polarization, higher partisan pressure, and lower public trust.",override-clause-review,Strong-form review with explicit override clause,synthetic_mechanism,legislative_override_clause,9600,9600,3862,1678,873,8451,3862,0,85226,75626,0.587,1.000,0.113,0.520,0.880,0.457,0.707,0.627,0.303,0.806,0.493,0.315,0.875,0.731,0.197,0.065,0.693,0.402,0.232,0.455,0.563,0.438,0.370,0.610,0.631,0.351,0.623,0.900,0.915,0.199,0.325,0.044,0.000,0.000,0.000,0.000,0.000,0.000,0.304,0.756,0.621,0.000,0.000,0.000,0.000,0.000,0.000,0.000,0.000,0.000,0.701,0.603,0.295,0.354,0.255,2.422,0.555,0.494,0.481,0.211,0.156,0.228,0.488,0.149,0.077,0.103,0.315,0.031,0.773,0.770,0.542,0.470,0.311,0.580,0.355,0.360,0.434,0.486,0.426,5558,2195,0.395
polarized-appointments,Polarized appointments,"High appointment polarization, higher partisan pressure, and lower public trust.",pre-enactment-review,Pre-enactment review before laws take effect,synthetic_mechanism,pre_enactment_review,9600,9600,2520,1693,690,8451,2520,0,11210,1610,0.631,1.000,0.856,0.408,0.880,0.298,0.747,0.712,0.261,0.830,0.376,0.321,0.948,0.766,0.153,0.060,0.714,0.263,0.245,0.472,0.563,0.534,0.370,0.604,0.647,0.513,0.571,0.871,0.921,0.126,0.255,0.077,0.000,0.000,1.000,0.000,0.000,0.000,0.000,0.000,0.000,0.000,0.402,0.000,0.000,0.847,0.878,0.000,0.000,0.000,0.701,0.603,0.541,0.354,0.255,2.422,0.555,0.494,0.576,0.159,0.118,0.192,0.567,0.113,0.053,0.078,0.384,0.039,0.583,0.568,0.428,0.732,0.443,0.409,0.360,0.449,0.471,0.520,0.438,5552,1428,0.257
polarized-appointments,Polarized appointments,"High appointment polarization, higher partisan pressure, and lower public trust.",abstract-review-tribunal,Abstract review tribunal,synthetic_mechanism,abstract_review,9600,9600,4158,778,363,9600,4158,0,10368,768,0.622,1.000,0.926,0.467,1.000,0.433,0.839,0.707,0.144,0.865,0.440,1.000,0.898,0.769,0.191,0.005,0.706,0.433,0.245,0.464,0.572,0.539,0.370,0.604,0.647,0.314,0.556,0.943,0.875,0.166,0.267,0.076,0.723,0.000,0.000,0.000,0.000,0.000,0.000,0.000,0.000,0.000,0.402,0.000,0.000,0.847,0.878,0.000,0.000,0.000,0.701,0.603,0.338,0.354,0.255,2.422,0.555,0.494,0.528,0.195,0.142,0.204,0.522,0.145,0.071,0.089,0.340,0.033,0.764,0.753,0.499,0.661,0.434,0.441,0.324,0.448,0.476,0.526,0.436,6313,2344,0.371
polarized-appointments,Polarized appointments,"High appointment polarization, higher partisan pressure, and lower public trust.",ombudsman-triggered-review,Ombudsman-triggered constitutional review,synthetic_mechanism,ombudsman_triggered_review,9600,9600,4004,1701,849,8431,4004,0,1052170,1042570,0.592,1.000,0.009,0.499,0.878,0.475,0.745,0.695,0.267,0.826,0.473,0.313,0.871,0.733,0.190,0.064,0.689,0.417,0.263,0.456,0.570,0.425,0.370,0.594,0.616,0.527,0.595,0.814,0.933,0.168,0.251,0.045,0.000,0.000,0.000,0.000,0.000,0.000,0.000,0.000,0.000,0.000,0.000,0.278,0.000,0.000,0.000,0.000,0.000,0.000,0.701,0.603,0.357,0.354,0.255,2.422,0.555,0.494,0.483,0.220,0.144,0.231,0.481,0.164,0.075,0.103,0.307,0.028,0.823,0.790,0.601,0.475,0.333,0.875,0.459,0.447,0.466,0.487,0.517,5557,2274,0.409
polarized-appointments,Polarized appointments,"High appointment polarization, higher partisan pressure, and lower public trust.",constitutional-public-defender,Constitutional public defender access model,synthetic_mechanism,constitutional_public_defender,9600,9600,4685,1115,565,9600,4685,0,1160596,1150996,0.604,1.000,0.008,0.507,1.000,0.488,0.855,0.710,0.112,0.838,0.471,1.000,0.876,0.771,0.202,0.004,0.701,0.488,0.251,0.459,0.574,0.425,0.370,0.592,0.631,0.516,0.623,0.784,0.927,0.188,0.252,0.044,0.000,0.000,0.000,0.000,0.000,0.000,0.000,0.000,0.000,0.000,0.000,0.000,0.316,0.000,0.000,0.000,0.000,0.000,0.701,0.603,0.352,0.354,0.255,2.422,0.555,0.494,0.491,0.206,0.152,0.218,0.489,0.156,0.077,0.100,0.311,0.028,0.815,0.798,0.562,0.469,0.334,0.854,0.457,0.443,0.466,0.520,0.518,6313,2619,0.415
polarized-appointments,Polarized appointments,"High appointment polarization, higher partisan pressure, and lower public trust.",rights-impact-statement-review,Rights-impact statements before review,synthetic_mechanism,rights_impact_statement,9600,9600,2311,1685,674,8442,2311,0,11172,1572,0.662,1.000,0.859,0.400,0.879,0.274,0.772,0.747,0.262,0.824,0.389,0.313,0.946,0.802,0.149,0.059,0.727,0.241,0.242,0.472,0.564,0.534,0.370,0.603,0.668,0.504,0.690,0.747,0.847,0.114,0.286,0.075,0.000,0.000,1.000,0.000,0.000,0.000,0.000,0.000,0.000,0.000,1.000,0.000,0.000,0.847,0.878,0.000,0.000,0.000,0.701,0.603,0.556,0.354,0.255,2.422,0.555,0.494,0.604,0.135,0.112,0.176,0.593,0.097,0.052,0.077,0.418,0.042,0.505,0.475,0.364,0.728,0.417,0.425,0.361,0.426,0.472,0.534,0.437,5546,1329,0.240
polarized-appointments,Polarized appointments,"High appointment polarization, higher partisan pressure, and lower public trust.",mandatory-legislative-response,Mandatory legislative response cycles,synthetic_mechanism,mandatory_legislative_response,9600,9600,3947,1071,414,9600,3947,187,10624,1024,0.636,1.000,0.904,0.387,1.000,0.411,0.872,0.737,0.114,0.853,0.368,1.000,0.909,0.712,0.160,0.003,0.741,0.411,0.206,0.473,0.575,0.538,0.370,0.615,0.658,0.221,0.607,0.954,0.928,0.138,0.256,0.045,0.000,0.000,0.000,0.047,0.000,0.000,0.425,1.000,0.440,0.012,0.000,0.000,0.000,0.000,0.000,0.000,0.000,0.000,0.701,0.603,0.371,0.354,0.255,2.422,0.555,0.494,0.546,0.154,0.146,0.197,0.564,0.123,0.068,0.103,0.373,0.039,0.568,0.624,0.367,0.468,0.313,0.471,0.294,0.338,0.421,0.515,0.395,6313,2252,0.357
rights-threat-surge,Rights-threat surge,Docket contains more laws or actions with high generated rights-risk signals.,current-federal-court,Current-style federal supreme court,court_variant,strong_form_court,9600,9600,3836,4429,3964,5171,3836,0,391373,381773,0.497,1.000,0.025,0.895,0.539,0.742,0.035,0.403,0.571,0.799,0.881,0.000,0.735,0.679,0.211,0.413,0.568,0.400,0.390,0.406,0.529,0.464,0.334,0.606,0.555,0.504,0.643,0.763,0.815,0.313,0.228,0.013,0.000,0.000,0.000,0.000,0.000,0.000,0.000,0.000,0.000,0.000,0.000,0.000,0.000,0.000,0.000,0.000,0.000,0.000,0.744,0.607,0.109,0.350,0.276,2.431,0.607,0.532,0.360,0.313,0.170,0.350,0.359,0.214,0.077,0.100,0.186,0.020,0.970,0.916,0.824,0.493,0.307,0.694,0.420,0.381,0.437,0.435,0.452,3394,2109,0.621
rights-threat-surge,Rights-threat surge,Docket contains more laws or actions with high generated rights-risk signals.,eighteen-year-terms,Staggered 18-year nonrenewable terms,court_variant,strong_form_court,9600,9600,3580,4491,3862,5109,3580,0,391117,381517,0.504,1.000,0.025,0.860,0.532,0.701,0.039,0.410,0.571,0.799,0.843,0.000,0.742,0.680,0.196,0.415,0.574,0.373,0.386,0.410,0.528,0.464,0.334,0.606,0.558,0.495,0.644,0.763,0.903,0.273,0.235,0.013,0.000,0.000,0.000,0.000,0.000,0.000,0.000,0.000,0.000,0.000,0.000,0.000,0.000,0.000,0.000,0.000,0.000,0.000,0.744,0.607,0.272,0.350,0.276,2.431,0.607,0.532,0.354,0.310,0.175,0.352,0.362,0.210,0.079,0.096,0.189,0.020,0.968,0.912,0.825,0.502,0.312,0.694,0.435,0.385,0.438,0.438,0.457,3346,1969,0.588
rights-threat-surge,Rights-threat surge,Docket contains more laws or actions with high generated rights-risk signals.,fifteen-justice-commission,Fifteen-justice supermajority commission court,court_variant,strong_form_court,9600,9600,6015,1838,1424,8599,6015,0,402746,393146,0.569,1.000,0.024,0.775,0.896,0.699,0.698,0.640,0.297,0.822,0.744,0.455,0.816,0.731,0.170,0.073,0.692,0.627,0.298,0.466,0.566,0.464,0.334,0.611,0.620,0.411,0.644,0.753,0.936,0.205,0.241,0.041,0.000,0.000,0.000,0.000,0.000,0.000,0.000,0.000,0.000,0.000,0.000,0.000,0.000,0.000,0.000,0.000,0.000,0.000,0.744,0.607,0.340,0.350,0.276,2.431,0.607,0.532,0.435,0.252,0.175,0.262,0.444,0.183,0.088,0.104,0.245,0.030,0.947,0.897,0.716,0.487,0.365,0.696,0.422,0.439,0.445,0.456,0.472,5653,3298,0.583
rights-threat-surge,Rights-threat surge,Docket contains more laws or actions with high generated rights-risk signals.,supermajority-invalidation,Supermajority required to invalidate laws,court_variant,strong_form_court,9600,9600,5758,1801,1409,8612,5758,0,402943,393343,0.565,1.000,0.024,0.782,0.897,0.669,0.678,0.574,0.304,0.828,0.757,0.451,0.829,0.728,0.183,0.073,0.670,0.600,0.296,0.464,0.556,0.464,0.334,0.610,0.617,0.421,0.643,0.756,0.847,0.260,0.254,0.013,0.000,0.000,0.000,0.000,0.000,0.000,0.000,0.000,0.000,0.000,0.000,0.000,0.000,0.000,0.000,0.000,0.000,0.000,0.744,0.607,0.113,0.350,0.276,2.431,0.607,0.532,0.432,0.256,0.161,0.262,0.447,0.184,0.078,0.092,0.250,0.029,0.948,0.898,0.720,0.466,0.305,0.696,0.400,0.380,0.442,0.492,0.459,5636,3145,0.558
rights-threat-surge,Rights-threat surge,Docket contains more laws or actions with high generated rights-risk signals.,strict-recusal-court,Strict recusal with substitute justices,court_variant,strong_form_court,9600,9600,5871,1901,1465,8565,5871,0,402542,392942,0.575,1.000,0.024,0.771,0.892,0.685,0.757,0.695,0.264,0.828,0.743,0.456,0.816,0.730,0.169,0.074,0.710,0.612,0.297,0.467,0.573,0.464,0.334,0.608,0.622,0.409,0.643,0.756,0.938,0.205,0.239,0.051,0.000,0.000,0.000,0.000,0.000,0.000,0.000,0.000,0.000,0.000,0.000,0.000,0.000,0.000,0.000,0.000,0.000,0.000,0.744,0.607,0.344,0.350,0.276,2.431,0.607,0.532,0.432,0.257,0.161,0.270,0.450,0.184,0.077,0.088,0.245,0.031,0.944,0.894,0.709,0.488,0.364,0.696,0.423,0.438,0.445,0.490,0.478,5587,3226,0.577
rights-threat-surge,Rights-threat surge,Docket contains more laws or actions with high generated rights-risk signals.,reasoned-emergency-review,Reasoned emergency orders with merits follow-up,court_variant,strong_form_court,9600,9600,6975,1230,967,9600,6975,0,405388,395788,0.584,1.000,0.024,0.786,1.000,0.727,0.893,0.720,0.125,0.816,0.755,1.000,0.823,0.742,0.184,0.007,0.729,0.727,0.288,0.474,0.585,0.464,0.334,0.611,0.631,0.419,0.643,0.754,0.892,0.226,0.227,0.042,0.000,0.000,0.000,0.000,0.000,0.000,0.000,0.000,0.000,0.000,0.000,0.000,0.000,0.000,0.000,0.000,0.000,0.000,0.744,0.607,0.272,0.350,0.276,2.431,0.607,0.532,0.454,0.241,0.170,0.252,0.468,0.181,0.083,0.094,0.261,0.032,0.945,0.900,0.681,0.473,0.310,0.697,0.411,0.385,0.445,0.487,0.462,6264,3835,0.612
rights-threat-surge,Rights-threat surge,Docket contains more laws or actions with high generated rights-risk signals.,panel-en-banc-review,Panel review with en banc safety valve,court_variant,strong_form_court,9600,9600,6114,1804,1354,8609,6114,0,402860,393260,0.566,1.000,0.024,0.751,0.897,0.710,0.727,0.671,0.266,0.819,0.726,0.451,0.811,0.732,0.168,0.070,0.705,0.637,0.299,0.467,0.572,0.464,0.334,0.603,0.621,0.408,0.643,0.755,0.940,0.187,0.223,0.042,0.824,0.000,0.000,0.000,0.000,0.000,0.000,0.000,0.000,0.000,0.000,0.000,0.000,0.000,0.000,0.000,0.000,0.000,0.744,0.607,0.344,0.350,0.276,2.431,0.607,0.532,0.434,0.252,0.166,0.267,0.451,0.183,0.082,0.097,0.243,0.031,0.946,0.897,0.704,0.691,0.437,0.696,0.459,0.507,0.520,0.483,0.516,5609,3343,0.596
rights-threat-surge,Rights-threat surge,Docket contains more laws or actions with high generated rights-risk signals.,dual-cross-checking-courts,Dual supreme courts with cross-checking invalidations,court_variant,strong_form_court,9600,9600,5973,922,705,9600,5973,0,406719,397119,0.572,1.000,0.024,0.765,1.000,0.622,0.852,0.764,0.140,0.838,0.736,1.000,0.845,0.737,0.157,0.008,0.734,0.622,0.293,0.476,0.578,0.464,0.334,0.582,0.620,0.572,0.639,0.769,0.928,0.165,0.237,0.071,0.000,1.000,0.000,0.000,0.000,0.000,0.000,0.000,0.000,0.000,0.000,0.000,0.000,0.000,0.000,0.000,0.000,0.000,0.744,0.607,0.342,0.350,0.276,2.431,0.607,0.532,0.456,0.244,0.156,0.244,0.466,0.176,0.077,0.095,0.264,0.035,0.936,0.884,0.665,0.869,0.519,0.697,0.566,0.585,0.572,0.623,0.591,6264,3266,0.521
rights-threat-surge,Rights-threat surge,Docket contains more laws or actions with high generated rights-risk signals.,constitutional-council,Pre-enactment constitutional council,court_variant,strong_form_court,9600,9600,5152,1763,1296,8615,5152,0,403099,393499,0.573,1.000,0.024,0.735,0.897,0.598,0.777,0.771,0.258,0.815,0.699,0.441,0.915,0.725,0.151,0.067,0.733,0.537,0.287,0.469,0.575,0.464,0.334,0.595,0.620,0.639,0.642,0.762,0.878,0.136,0.219,0.072,0.000,0.000,1.000,0.000,0.000,0.000,0.000,0.000,0.000,0.000,0.000,0.000,0.000,0.000,0.000,0.000,0.000,0.000,0.744,0.607,0.538,0.350,0.276,2.431,0.607,0.532,0.449,0.248,0.154,0.262,0.466,0.165,0.072,0.090,0.254,0.037,0.925,0.875,0.662,0.740,0.443,0.696,0.483,0.512,0.513,0.566,0.535,5638,2841,0.504
rights-threat-surge,Rights-threat surge,Docket contains more laws or actions with high generated rights-risk signals.,legislative-override-court,Judicial review with delayed legislative override,court_variant,strong_form_court,9600,9600,6094,1842,1462,8604,6094,132,402749,393149,0.550,1.000,0.024,0.794,0.896,0.708,0.694,0.616,0.275,0.820,0.770,0.459,0.804,0.727,0.180,0.074,0.686,0.635,0.303,0.468,0.566,0.464,0.334,0.606,0.616,0.409,0.643,0.759,0.937,0.234,0.240,0.042,0.000,0.000,0.000,0.022,0.000,0.000,0.014,0.022,0.574,0.000,0.000,0.000,0.000,0.000,0.000,0.000,0.000,0.000,0.744,0.607,0.288,0.350,0.276,2.431,0.607,0.532,0.431,0.255,0.163,0.270,0.437,0.189,0.080,0.093,0.237,0.028,0.951,0.902,0.716,0.480,0.311,0.696,0.417,0.386,0.444,0.516,0.468,5659,3371,0.596
rights-threat-surge,Rights-threat surge,Docket contains more laws or actions with high generated rights-risk signals.,accountability-retention-court,Retention-election accountability court,court_variant,strong_form_court,9600,9600,4918,1858,1157,8574,4918,534,402656,393056,0.558,1.000,0.024,0.623,0.893,0.574,0.695,0.631,0.284,0.816,0.581,0.448,0.815,0.702,0.160,0.068,0.699,0.512,0.298,0.479,0.566,0.464,0.334,0.603,0.617,0.380,0.643,0.761,0.739,0.252,0.250,0.042,0.000,0.000,0.000,0.109,0.000,0.000,0.056,0.109,0.571,0.000,0.000,0.000,0.000,0.000,0.000,0.000,0.000,0.000,0.744,0.607,0.697,0.350,0.276,2.431,0.607,0.532,0.411,0.265,0.165,0.274,0.433,0.182,0.079,0.101,0.235,0.032,0.933,0.878,0.713,0.500,0.323,0.696,0.453,0.397,0.450,0.543,0.484,5629,2703,0.480
rights-threat-surge,Rights-threat surge,Docket contains more laws or actions with high generated rights-risk signals.,independence-accountability-hybrid,Hybrid court balancing independence and accountability,court_variant,strong_form_court,9600,9600,6225,1194,891,9600,6225,0,405542,395942,0.584,1.000,0.024,0.746,1.000,0.648,0.881,0.758,0.126,0.838,0.714,1.000,0.849,0.738,0.159,0.007,0.738,0.648,0.279,0.477,0.581,0.464,0.334,0.588,0.635,0.408,0.640,0.768,0.936,0.148,0.211,0.052,0.810,0.000,0.000,0.000,0.000,0.000,0.000,0.000,0.000,0.000,0.000,0.000,0.000,0.000,0.000,0.000,0.000,0.000,0.744,0.607,0.348,0.350,0.276,2.431,0.607,0.532,0.449,0.239,0.168,0.247,0.479,0.173,0.084,0.096,0.263,0.035,0.933,0.888,0.656,0.686,0.461,0.697,0.455,0.532,0.520,0.638,0.548,6264,3415,0.545
rights-threat-surge,Rights-threat surge,Docket contains more laws or actions with high generated rights-risk signals.,weak-form-review,Weak-form review with legislative reply,synthetic_mechanism,weak_form_review,9600,9600,0,1856,1326,8592,0,0,11202,1602,0.672,1.000,0.857,0.714,0.895,0.000,0.742,0.699,0.286,0.823,0.687,0.457,0.945,0.677,0.128,0.070,0.718,0.000,0.236,0.511,0.636,0.571,0.334,0.635,0.684,0.106,0.677,0.792,0.926,0.078,0.238,0.042,0.000,0.000,0.000,0.000,0.617,0.000,0.669,0.000,0.446,0.003,0.000,0.000,0.000,0.000,0.000,0.000,0.000,0.000,0.744,0.607,0.301,0.350,0.276,2.431,0.607,0.532,0.626,0.103,0.093,0.179,0.618,0.066,0.028,0.000,0.425,0.076,0.331,0.194,0.340,0.481,0.312,0.404,0.297,0.322,0.420,0.420,0.365,5624,0,0.000
rights-threat-surge,Rights-threat surge,Docket contains more laws or actions with high generated rights-risk signals.,suspended-declaration-review,Suspended declarations of invalidity,synthetic_mechanism,suspended_declaration,9600,9600,6975,1207,930,9600,6975,0,10743,1143,0.631,1.000,0.894,0.771,1.000,0.727,0.863,0.700,0.124,0.832,0.743,1.000,0.886,0.686,0.165,0.007,0.756,0.727,0.300,0.529,0.655,0.574,0.334,0.622,0.660,0.136,0.623,0.874,0.934,0.167,0.227,0.042,0.000,0.000,0.000,0.000,0.000,0.727,0.739,1.000,0.343,0.696,0.000,0.000,0.000,0.000,0.000,0.000,0.000,0.000,0.744,0.607,0.350,0.350,0.276,2.431,0.607,0.532,0.477,0.231,0.160,0.237,0.466,0.186,0.083,0.096,0.259,0.032,0.946,0.900,0.671,0.478,0.330,0.456,0.296,0.352,0.429,0.462,0.389,6264,3811,0.608
rights-threat-surge,Rights-threat surge,Docket contains more laws or actions with high generated rights-risk signals.,override-clause-review,Strong-form review with explicit override clause,synthetic_mechanism,legislative_override_clause,9600,9600,5925,1889,1398,8548,5925,0,83118,73518,0.566,1.000,0.115,0.740,0.890,0.693,0.725,0.645,0.278,0.818,0.712,0.443,0.824,0.730,0.170,0.074,0.724,0.617,0.265,0.467,0.568,0.475,0.334,0.618,0.629,0.320,0.631,0.897,0.938,0.204,0.244,0.043,0.000,0.000,0.000,0.000,0.000,0.000,0.323,0.523,0.640,0.000,0.000,0.000,0.000,0.000,0.000,0.000,0.000,0.000,0.744,0.607,0.295,0.350,0.276,2.431,0.607,0.532,0.431,0.259,0.171,0.267,0.454,0.173,0.082,0.098,0.248,0.034,0.934,0.890,0.677,0.481,0.312,0.587,0.358,0.362,0.435,0.489,0.428,5593,3267,0.584
rights-threat-surge,Rights-threat surge,Docket contains more laws or actions with high generated rights-risk signals.,pre-enactment-review,Pre-enactment review before laws take effect,synthetic_mechanism,pre_enactment_review,9600,9600,4943,1837,1282,8593,4943,0,11383,1783,0.592,1.000,0.843,0.698,0.895,0.575,0.786,0.732,0.269,0.819,0.660,0.452,0.919,0.754,0.145,0.068,0.735,0.515,0.285,0.470,0.571,0.570,0.334,0.612,0.634,0.490,0.579,0.869,0.861,0.126,0.227,0.070,0.000,0.000,1.000,0.000,0.000,0.000,0.000,0.000,0.000,0.000,0.412,0.000,0.000,0.842,0.951,0.000,0.000,0.000,0.744,0.607,0.541,0.350,0.276,2.431,0.607,0.532,0.451,0.240,0.159,0.259,0.464,0.173,0.078,0.095,0.264,0.037,0.921,0.870,0.656,0.741,0.443,0.417,0.363,0.451,0.473,0.523,0.441,5628,2716,0.483
rights-threat-surge,Rights-threat surge,Docket contains more laws or actions with high generated rights-risk signals.,abstract-review-tribunal,Abstract review tribunal,synthetic_mechanism,abstract_review,9600,9600,6626,866,677,9600,6626,0,10459,859,0.594,1.000,0.918,0.782,1.000,0.690,0.864,0.737,0.145,0.842,0.760,1.000,0.841,0.772,0.169,0.008,0.735,0.690,0.284,0.476,0.581,0.576,0.334,0.611,0.642,0.287,0.564,0.941,0.922,0.168,0.210,0.071,0.808,0.000,0.000,0.000,0.000,0.000,0.000,0.000,0.000,0.000,0.412,0.000,0.000,0.842,0.951,0.000,0.000,0.000,0.744,0.607,0.338,0.350,0.276,2.431,0.607,0.532,0.456,0.240,0.164,0.245,0.469,0.177,0.082,0.095,0.262,0.033,0.939,0.892,0.671,0.686,0.437,0.449,0.329,0.453,0.484,0.532,0.443,6264,3626,0.579
rights-threat-surge,Rights-threat surge,Docket contains more laws or actions with high generated rights-risk signals.,ombudsman-triggered-review,Ombudsman-triggered constitutional review,synthetic_mechanism,ombudsman_triggered_review,9600,9600,6363,1793,1429,8630,6363,0,931104,921504,0.563,1.000,0.010,0.797,0.899,0.737,0.746,0.711,0.277,0.821,0.764,0.459,0.813,0.734,0.171,0.070,0.716,0.663,0.301,0.467,0.578,0.462,0.334,0.600,0.612,0.503,0.602,0.812,0.924,0.170,0.199,0.042,0.000,0.000,0.000,0.000,0.000,0.000,0.000,0.000,0.000,0.000,0.000,0.620,0.000,0.000,0.000,0.000,0.000,0.000,0.744,0.607,0.357,0.350,0.276,2.431,0.607,0.532,0.425,0.258,0.175,0.269,0.450,0.186,0.093,0.106,0.249,0.030,0.949,0.900,0.718,0.484,0.337,0.899,0.456,0.456,0.469,0.498,0.524,5631,3490,0.620
rights-threat-surge,Rights-threat surge,Docket contains more laws or actions with high generated rights-risk signals.,constitutional-public-defender,Constitutional public defender access model,synthetic_mechanism,constitutional_public_defender,9600,9600,7263,1174,973,9600,7263,0,1025258,1015658,0.578,1.000,0.009,0.829,1.000,0.757,0.874,0.727,0.123,0.833,0.809,1.000,0.816,0.823,0.181,0.007,0.739,0.757,0.291,0.476,0.584,0.462,0.334,0.598,0.638,0.489,0.630,0.783,0.931,0.191,0.192,0.042,0.000,0.000,0.000,0.000,0.000,0.000,0.000,0.000,0.000,0.000,0.000,0.000,0.727,0.000,0.000,0.000,0.000,0.000,0.744,0.607,0.352,0.350,0.276,2.431,0.607,0.532,0.448,0.248,0.170,0.257,0.461,0.183,0.091,0.104,0.256,0.031,0.950,0.906,0.676,0.478,0.340,0.875,0.455,0.454,0.468,0.534,0.526,6264,3987,0.636
rights-threat-surge,Rights-threat surge,Docket contains more laws or actions with high generated rights-risk signals.,rights-impact-statement-review,Rights-impact statements before review,synthetic_mechanism,rights_impact_statement,9600,9600,4627,1807,1224,8620,4627,0,11336,1736,0.621,1.000,0.847,0.677,0.898,0.537,0.764,0.775,0.246,0.825,0.642,0.458,0.921,0.792,0.138,0.065,0.752,0.482,0.280,0.471,0.572,0.570,0.334,0.611,0.655,0.480,0.698,0.745,0.774,0.116,0.223,0.071,0.000,0.000,1.000,0.000,0.000,0.000,0.000,0.000,0.000,0.000,1.000,0.000,0.000,0.842,0.951,0.000,0.000,0.000,0.744,0.607,0.556,0.350,0.276,2.431,0.607,0.532,0.456,0.241,0.154,0.252,0.464,0.176,0.075,0.097,0.262,0.042,0.908,0.857,0.639,0.738,0.417,0.433,0.364,0.428,0.475,0.537,0.440,5667,2569,0.453
rights-threat-surge,Rights-threat surge,Docket contains more laws or actions with high generated rights-risk signals.,mandatory-legislative-response,Mandatory legislative response cycles,synthetic_mechanism,mandatory_legislative_response,9600,9600,6362,1247,816,9600,6362,142,10811,1211,0.610,1.000,0.888,0.654,1.000,0.663,0.890,0.768,0.142,0.832,0.619,1.000,0.860,0.689,0.149,0.006,0.784,0.663,0.216,0.482,0.583,0.573,0.334,0.624,0.653,0.153,0.615,0.948,0.883,0.137,0.225,0.040,0.000,0.000,0.000,0.022,0.000,0.000,0.688,1.000,0.463,0.000,0.000,0.000,0.000,0.000,0.000,0.000,0.000,0.000,0.744,0.607,0.371,0.350,0.276,2.431,0.607,0.532,0.444,0.228,0.181,0.256,0.473,0.173,0.087,0.104,0.264,0.046,0.892,0.873,0.560,0.478,0.313,0.479,0.298,0.340,0.430,0.526,0.400,6264,3489,0.557
emergency-docket-stress,Emergency docket stress,"Higher urgency and executive pressure, meant to stress emergency-review procedures.",current-federal-court,Current-style federal supreme court,court_variant,strong_form_court,9600,9600,0,9600,7047,0,0,0,376291,366691,0.485,1.000,0.026,0.734,0.000,0.000,0.025,0.367,0.601,0.785,0.721,0.000,0.641,0.607,0.261,0.930,0.446,0.000,0.513,0.327,0.520,0.432,0.375,0.593,0.484,0.524,0.643,0.774,0.741,0.286,0.313,0.014,0.000,0.000,0.000,0.000,0.000,0.000,0.000,0.000,0.000,0.000,0.000,0.000,0.000,0.000,0.000,0.000,0.000,0.000,0.701,0.514,0.109,0.344,0.267,2.424,0.558,0.496,0.279,0.381,0.165,0.410,0.271,0.232,0.065,0.000,0.142,0.014,0.965,0.903,0.874,0.532,0.310,0.685,0.458,0.381,0.412,0.442,0.455,0,0,NaN
emergency-docket-stress,Emergency docket stress,"Higher urgency and executive pressure, meant to stress emergency-review procedures.",eighteen-year-terms,Staggered 18-year nonrenewable terms,court_variant,strong_form_court,9600,9600,0,9600,6557,0,0,0,376291,366691,0.494,1.000,0.026,0.683,0.000,0.000,0.036,0.387,0.603,0.785,0.668,0.000,0.650,0.622,0.240,0.921,0.458,0.000,0.507,0.342,0.521,0.432,0.375,0.593,0.493,0.516,0.644,0.773,0.837,0.250,0.312,0.014,0.000,0.000,0.000,0.000,0.000,0.000,0.000,0.000,0.000,0.000,0.000,0.000,0.000,0.000,0.000,0.000,0.000,0.000,0.701,0.514,0.272,0.344,0.267,2.424,0.558,0.496,0.284,0.379,0.162,0.399,0.287,0.233,0.068,0.000,0.148,0.014,0.964,0.900,0.874,0.540,0.315,0.685,0.472,0.385,0.414,0.444,0.460,0,0,NaN
emergency-docket-stress,Emergency docket stress,"Higher urgency and executive pressure, meant to stress emergency-review procedures.",fifteen-justice-commission,Fifteen-justice supermajority commission court,court_variant,strong_form_court,9600,9600,1792,9592,4575,2334,1792,0,376333,366733,0.557,1.000,0.026,0.477,0.243,0.768,0.666,0.604,0.315,0.785,0.452,0.242,0.788,0.700,0.185,0.433,0.619,0.187,0.360,0.422,0.554,0.432,0.375,0.603,0.583,0.434,0.644,0.755,0.901,0.195,0.279,0.046,0.000,0.000,0.000,0.000,0.000,0.000,0.000,0.000,0.000,0.000,0.000,0.000,0.000,0.000,0.000,0.000,0.000,0.000,0.701,0.514,0.340,0.344,0.267,2.424,0.558,0.496,0.394,0.292,0.152,0.302,0.391,0.199,0.068,0.111,0.236,0.023,0.927,0.865,0.781,0.553,0.370,0.685,0.480,0.441,0.415,0.467,0.479,1515,993,0.655
emergency-docket-stress,Emergency docket stress,"Higher urgency and executive pressure, meant to stress emergency-review procedures.",supermajority-invalidation,Supermajority required to invalidate laws,court_variant,strong_form_court,9600,9600,1746,9590,4987,2337,1746,0,376346,366746,0.545,1.000,0.026,0.520,0.243,0.747,0.627,0.529,0.328,0.785,0.502,0.243,0.790,0.689,0.209,0.448,0.590,0.182,0.368,0.408,0.545,0.432,0.375,0.601,0.573,0.443,0.643,0.760,0.774,0.246,0.308,0.014,0.000,0.000,0.000,0.000,0.000,0.000,0.000,0.000,0.000,0.000,0.000,0.000,0.000,0.000,0.000,0.000,0.000,0.000,0.701,0.514,0.113,0.344,0.267,2.424,0.558,0.496,0.383,0.293,0.163,0.311,0.388,0.204,0.074,0.129,0.224,0.022,0.933,0.874,0.790,0.532,0.311,0.685,0.458,0.381,0.412,0.503,0.466,1514,986,0.651
emergency-docket-stress,Emergency docket stress,"Higher urgency and executive pressure, meant to stress emergency-review procedures.",strict-recusal-court,Strict recusal with substitute justices,court_variant,strong_form_court,9600,9600,1736,9595,4530,2332,1736,0,376313,366713,0.565,1.000,0.026,0.472,0.243,0.744,0.705,0.657,0.292,0.784,0.449,0.243,0.790,0.701,0.185,0.425,0.639,0.181,0.358,0.423,0.561,0.432,0.375,0.600,0.587,0.432,0.643,0.758,0.915,0.195,0.276,0.057,0.000,0.000,0.000,0.000,0.000,0.000,0.000,0.000,0.000,0.000,0.000,0.000,0.000,0.000,0.000,0.000,0.000,0.000,0.701,0.514,0.344,0.344,0.267,2.424,0.558,0.496,0.407,0.281,0.147,0.284,0.412,0.189,0.068,0.107,0.233,0.025,0.918,0.853,0.759,0.554,0.369,0.685,0.481,0.440,0.415,0.501,0.485,1516,968,0.639
emergency-docket-stress,Emergency docket stress,"Higher urgency and executive pressure, meant to stress emergency-review procedures.",reasoned-emergency-review,Reasoned emergency orders with merits follow-up,court_variant,strong_form_court,9600,9600,4558,9486,4931,9600,4558,0,376846,367246,0.598,1.000,0.025,0.520,1.000,0.475,0.880,0.694,0.127,0.784,0.497,1.000,0.866,0.729,0.205,0.043,0.718,0.475,0.265,0.448,0.588,0.432,0.375,0.611,0.627,0.447,0.643,0.745,0.824,0.212,0.299,0.046,0.000,0.000,0.000,0.000,0.000,0.000,0.000,0.000,0.000,0.000,0.000,0.000,0.000,0.000,0.000,0.000,0.000,0.000,0.701,0.514,0.272,0.344,0.267,2.424,0.558,0.496,0.470,0.236,0.164,0.235,0.471,0.181,0.078,0.105,0.289,0.031,0.895,0.877,0.643,0.544,0.316,0.685,0.472,0.386,0.414,0.499,0.470,6287,2553,0.406
emergency-docket-stress,Emergency docket stress,"Higher urgency and executive pressure, meant to stress emergency-review procedures.",panel-en-banc-review,Panel review with en banc safety valve,court_variant,strong_form_court,9600,9600,1764,9595,4525,2332,1764,0,376320,366720,0.555,1.000,0.026,0.472,0.243,0.756,0.687,0.638,0.292,0.785,0.447,0.243,0.786,0.701,0.182,0.428,0.633,0.184,0.359,0.424,0.558,0.432,0.375,0.595,0.585,0.430,0.643,0.757,0.925,0.179,0.253,0.045,0.756,0.000,0.000,0.000,0.000,0.000,0.000,0.000,0.000,0.000,0.000,0.000,0.000,0.000,0.000,0.000,0.000,0.000,0.701,0.514,0.344,0.344,0.267,2.424,0.558,0.496,0.396,0.289,0.153,0.293,0.406,0.190,0.072,0.122,0.224,0.024,0.924,0.861,0.773,0.744,0.440,0.685,0.515,0.506,0.485,0.492,0.521,1510,985,0.652
emergency-docket-stress,Emergency docket stress,"Higher urgency and executive pressure, meant to stress emergency-review procedures.",dual-cross-checking-courts,Dual supreme courts with cross-checking invalidations,court_variant,strong_form_court,9600,9600,3305,9299,4018,9600,3305,0,377822,368222,0.593,1.000,0.025,0.432,1.000,0.344,0.869,0.717,0.129,0.786,0.405,1.000,0.887,0.734,0.168,0.062,0.726,0.344,0.276,0.456,0.579,0.432,0.375,0.581,0.620,0.596,0.639,0.760,0.891,0.160,0.269,0.078,0.000,1.000,0.000,0.000,0.000,0.000,0.000,0.000,0.000,0.000,0.000,0.000,0.000,0.000,0.000,0.000,0.000,0.000,0.701,0.514,0.342,0.344,0.267,2.424,0.558,0.496,0.478,0.224,0.148,0.239,0.494,0.177,0.074,0.108,0.301,0.036,0.858,0.832,0.614,0.941,0.525,0.685,0.628,0.587,0.541,0.635,0.599,6287,1853,0.295
emergency-docket-stress,Emergency docket stress,"Higher urgency and executive pressure, meant to stress emergency-review procedures.",constitutional-council,Pre-enactment constitutional council,court_variant,strong_form_court,9600,9600,1427,9585,4168,2340,1427,0,376364,366764,0.563,1.000,0.026,0.435,0.244,0.610,0.740,0.725,0.273,0.785,0.405,0.243,0.843,0.704,0.161,0.411,0.666,0.149,0.349,0.429,0.567,0.432,0.375,0.587,0.582,0.661,0.642,0.764,0.931,0.133,0.243,0.077,0.000,0.000,1.000,0.000,0.000,0.000,0.000,0.000,0.000,0.000,0.000,0.000,0.000,0.000,0.000,0.000,0.000,0.000,0.701,0.514,0.538,0.344,0.267,2.424,0.558,0.496,0.410,0.271,0.150,0.289,0.411,0.188,0.065,0.105,0.251,0.027,0.904,0.832,0.747,0.807,0.449,0.685,0.542,0.514,0.483,0.577,0.542,1519,797,0.525
emergency-docket-stress,Emergency docket stress,"Higher urgency and executive pressure, meant to stress emergency-review procedures.",legislative-override-court,Judicial review with delayed legislative override,court_variant,strong_form_court,9600,9600,1838,9594,4852,2332,1838,85,376324,366724,0.537,1.000,0.026,0.506,0.243,0.788,0.659,0.578,0.315,0.785,0.482,0.242,0.772,0.692,0.199,0.440,0.609,0.191,0.367,0.418,0.553,0.432,0.375,0.598,0.576,0.433,0.643,0.762,0.898,0.221,0.294,0.045,0.000,0.000,0.000,0.046,0.000,0.000,0.009,0.046,0.535,0.000,0.000,0.000,0.000,0.000,0.000,0.000,0.000,0.000,0.701,0.514,0.288,0.344,0.267,2.424,0.558,0.496,0.394,0.285,0.160,0.300,0.393,0.198,0.074,0.125,0.227,0.022,0.929,0.868,0.773,0.546,0.317,0.685,0.475,0.387,0.414,0.527,0.475,1509,1019,0.675
emergency-docket-stress,Emergency docket stress,"Higher urgency and executive pressure, meant to stress emergency-review procedures.",accountability-retention-court,Retention-election accountability court,court_variant,strong_form_court,9600,9600,1388,9596,3319,2331,1388,201,376312,366712,0.556,1.000,0.026,0.346,0.243,0.595,0.668,0.589,0.286,0.784,0.322,0.242,0.791,0.710,0.173,0.406,0.639,0.145,0.348,0.453,0.556,0.432,0.375,0.596,0.595,0.408,0.643,0.762,0.812,0.245,0.250,0.047,0.000,0.000,0.000,0.145,0.000,0.000,0.021,0.145,0.552,0.000,0.000,0.000,0.000,0.000,0.000,0.000,0.000,0.000,0.701,0.514,0.697,0.344,0.267,2.424,0.558,0.496,0.410,0.272,0.144,0.283,0.414,0.178,0.064,0.110,0.245,0.028,0.897,0.818,0.741,0.566,0.328,0.685,0.511,0.398,0.419,0.553,0.491,1509,774,0.513
emergency-docket-stress,Emergency docket stress,"Higher urgency and executive pressure, meant to stress emergency-review procedures.",independence-accountability-hybrid,Hybrid court balancing independence and accountability,court_variant,strong_form_court,9600,9600,3607,9495,4241,9600,3607,1,376819,367219,0.589,1.000,0.025,0.447,1.000,0.376,0.875,0.729,0.117,0.785,0.421,1.000,0.896,0.734,0.172,0.039,0.734,0.376,0.253,0.456,0.582,0.432,0.375,0.589,0.636,0.433,0.640,0.758,0.927,0.142,0.252,0.055,0.722,0.000,0.000,0.000,0.000,0.000,0.000,0.000,0.624,0.000,0.000,0.000,0.000,0.000,0.000,0.000,0.000,0.000,0.701,0.514,0.348,0.344,0.267,2.424,0.558,0.496,0.478,0.229,0.150,0.240,0.488,0.169,0.074,0.106,0.309,0.037,0.845,0.835,0.603,0.740,0.463,0.685,0.514,0.530,0.483,0.648,0.553,6287,2045,0.325
emergency-docket-stress,Emergency docket stress,"Higher urgency and executive pressure, meant to stress emergency-review procedures.",weak-form-review,Weak-form review with legislative reply,synthetic_mechanism,weak_form_review,9600,9600,0,9595,4037,2332,0,0,17163,7563,0.608,1.000,0.559,0.421,0.243,0.000,0.715,0.676,0.283,0.785,0.398,0.243,0.844,0.671,0.160,0.414,0.663,0.000,0.331,0.456,0.581,0.502,0.375,0.624,0.616,0.227,0.677,0.798,0.947,0.141,0.259,0.045,0.000,0.000,0.000,0.000,0.183,0.000,0.244,0.000,0.437,0.003,0.000,0.000,0.000,0.000,0.000,0.000,0.000,0.000,0.701,0.514,0.301,0.344,0.267,2.424,0.558,0.496,0.397,0.269,0.146,0.315,0.417,0.178,0.058,0.000,0.252,0.030,0.868,0.782,0.733,0.546,0.317,0.412,0.367,0.327,0.382,0.423,0.376,1512,0,0.000
emergency-docket-stress,Emergency docket stress,"Higher urgency and executive pressure, meant to stress emergency-review procedures.",suspended-declaration-review,Suspended declarations of invalidity,synthetic_mechanism,suspended_declaration,9600,9600,4443,9496,4341,9600,4443,0,18164,8564,0.643,1.000,0.529,0.457,1.000,0.463,0.866,0.678,0.121,0.786,0.431,1.000,0.913,0.711,0.177,0.041,0.742,0.463,0.268,0.518,0.630,0.495,0.375,0.623,0.657,0.245,0.622,0.863,0.927,0.160,0.259,0.046,0.000,0.000,0.000,0.000,0.000,0.463,0.471,1.000,0.319,0.755,0.000,0.000,0.000,0.000,0.000,0.000,0.000,0.000,0.701,0.514,0.350,0.344,0.267,2.424,0.558,0.496,0.493,0.219,0.154,0.220,0.487,0.179,0.078,0.105,0.296,0.033,0.882,0.864,0.605,0.549,0.336,0.468,0.373,0.358,0.394,0.472,0.403,6287,2507,0.399
emergency-docket-stress,Emergency docket stress,"Higher urgency and executive pressure, meant to stress emergency-review procedures.",override-clause-review,Strong-form review with explicit override clause,synthetic_mechanism,legislative_override_clause,9600,9600,1776,9597,4585,2330,1776,0,78198,68598,0.546,1.000,0.123,0.478,0.243,0.762,0.686,0.620,0.304,0.785,0.453,0.242,0.790,0.699,0.186,0.431,0.636,0.185,0.347,0.422,0.557,0.444,0.375,0.609,0.586,0.373,0.631,0.902,0.915,0.194,0.288,0.046,0.000,0.000,0.000,0.000,0.000,0.000,0.133,0.717,0.618,0.000,0.000,0.000,0.000,0.000,0.000,0.000,0.000,0.000,0.701,0.514,0.295,0.344,0.267,2.424,0.558,0.496,0.395,0.287,0.157,0.301,0.401,0.184,0.069,0.110,0.235,0.024,0.918,0.855,0.759,0.546,0.317,0.576,0.415,0.363,0.400,0.495,0.434,1509,982,0.651
emergency-docket-stress,Emergency docket stress,"Higher urgency and executive pressure, meant to stress emergency-review procedures.",pre-enactment-review,Pre-enactment review before laws take effect,synthetic_mechanism,pre_enactment_review,9600,9600,1369,9595,3947,2332,1369,0,18597,8997,0.581,1.000,0.516,0.411,0.243,0.587,0.742,0.718,0.282,0.784,0.384,0.243,0.848,0.735,0.154,0.408,0.670,0.143,0.347,0.434,0.565,0.493,0.375,0.602,0.594,0.550,0.579,0.872,0.922,0.123,0.249,0.076,0.000,0.000,1.000,0.000,0.000,0.000,0.000,0.000,0.000,0.000,0.402,0.000,0.000,0.837,0.871,0.000,0.000,0.000,0.701,0.514,0.541,0.344,0.267,2.424,0.558,0.496,0.421,0.272,0.143,0.286,0.426,0.183,0.060,0.104,0.253,0.028,0.899,0.824,0.731,0.807,0.449,0.428,0.436,0.457,0.446,0.539,0.457,1509,761,0.504
emergency-docket-stress,Emergency docket stress,"Higher urgency and executive pressure, meant to stress emergency-review procedures.",abstract-review-tribunal,Abstract review tribunal,synthetic_mechanism,abstract_review,9600,9600,4055,9353,4601,9600,4055,0,18701,9101,0.609,1.000,0.513,0.492,1.000,0.422,0.857,0.700,0.129,0.787,0.466,1.000,0.880,0.759,0.186,0.067,0.721,0.422,0.267,0.451,0.582,0.492,0.375,0.609,0.633,0.356,0.563,0.932,0.874,0.160,0.261,0.077,0.725,0.000,0.000,0.000,0.000,0.000,0.000,0.000,0.000,0.000,0.402,0.000,0.000,0.837,0.871,0.000,0.000,0.000,0.701,0.514,0.338,0.344,0.267,2.424,0.558,0.496,0.480,0.226,0.156,0.236,0.489,0.177,0.076,0.110,0.291,0.033,0.878,0.859,0.615,0.744,0.440,0.462,0.407,0.458,0.450,0.547,0.458,6287,2304,0.366
emergency-docket-stress,Emergency docket stress,"Higher urgency and executive pressure, meant to stress emergency-review procedures.",ombudsman-triggered-review,Ombudsman-triggered constitutional review,synthetic_mechanism,ombudsman_triggered_review,9600,9600,1867,9592,4883,2334,1867,0,955251,945651,0.554,1.000,0.010,0.509,0.243,0.800,0.708,0.675,0.296,0.784,0.481,0.242,0.787,0.695,0.185,0.431,0.641,0.194,0.362,0.417,0.564,0.430,0.375,0.594,0.573,0.522,0.603,0.813,0.933,0.161,0.248,0.046,0.000,0.000,0.000,0.000,0.000,0.000,0.000,0.000,0.000,0.000,0.000,0.276,0.000,0.000,0.000,0.000,0.000,0.000,0.701,0.514,0.357,0.344,0.267,2.424,0.558,0.496,0.394,0.288,0.159,0.298,0.405,0.194,0.071,0.105,0.228,0.023,0.927,0.866,0.773,0.551,0.339,0.870,0.518,0.450,0.437,0.501,0.526,1515,1049,0.692
emergency-docket-stress,Emergency docket stress,"Higher urgency and executive pressure, meant to stress emergency-review procedures.",constitutional-public-defender,Constitutional public defender access model,synthetic_mechanism,constitutional_public_defender,9600,9600,4625,9484,4878,9600,4625,0,1049082,1039482,0.596,1.000,0.009,0.514,1.000,0.482,0.855,0.684,0.120,0.786,0.486,1.000,0.866,0.767,0.196,0.043,0.723,0.482,0.264,0.453,0.585,0.430,0.375,0.600,0.628,0.514,0.631,0.772,0.927,0.181,0.247,0.046,0.000,0.000,0.000,0.000,0.000,0.000,0.000,0.000,0.000,0.000,0.000,0.000,0.316,0.000,0.000,0.000,0.000,0.000,0.701,0.514,0.352,0.344,0.267,2.424,0.558,0.496,0.461,0.231,0.173,0.239,0.476,0.194,0.084,0.110,0.283,0.031,0.895,0.876,0.631,0.549,0.340,0.849,0.520,0.447,0.436,0.535,0.528,6287,2603,0.414
emergency-docket-stress,Emergency docket stress,"Higher urgency and executive pressure, meant to stress emergency-review procedures.",rights-impact-statement-review,Rights-impact statements before review,synthetic_mechanism,rights_impact_statement,9600,9600,1285,9596,3733,2330,1285,0,18488,8888,0.611,1.000,0.519,0.389,0.243,0.552,0.748,0.738,0.280,0.785,0.364,0.242,0.850,0.776,0.148,0.401,0.688,0.134,0.343,0.438,0.567,0.493,0.375,0.601,0.615,0.540,0.698,0.748,0.847,0.114,0.246,0.076,0.000,0.000,1.000,0.000,0.000,0.000,0.000,0.000,0.000,0.000,1.000,0.000,0.000,0.837,0.871,0.000,0.000,0.000,0.701,0.514,0.556,0.344,0.267,2.424,0.558,0.496,0.428,0.264,0.143,0.274,0.437,0.170,0.060,0.103,0.255,0.031,0.882,0.800,0.713,0.804,0.423,0.444,0.436,0.434,0.447,0.553,0.456,1510,715,0.474
emergency-docket-stress,Emergency docket stress,"Higher urgency and executive pressure, meant to stress emergency-review procedures.",mandatory-legislative-response,Mandatory legislative response cycles,synthetic_mechanism,mandatory_legislative_response,9600,9600,3773,9477,3622,9600,3773,174,18490,8890,0.624,1.000,0.519,0.382,1.000,0.393,0.877,0.722,0.108,0.785,0.357,1.000,0.905,0.715,0.154,0.036,0.766,0.393,0.216,0.475,0.585,0.493,0.375,0.621,0.652,0.263,0.614,0.941,0.928,0.134,0.239,0.045,0.000,0.000,0.000,0.046,0.000,0.000,0.410,1.000,0.438,0.001,0.000,0.000,0.000,0.000,0.000,0.000,0.000,0.000,0.701,0.514,0.371,0.344,0.267,2.424,0.558,0.496,0.498,0.202,0.153,0.209,0.510,0.163,0.077,0.119,0.321,0.047,0.770,0.800,0.461,0.548,0.319,0.491,0.375,0.346,0.395,0.535,0.415,6287,2126,0.338
low-trust-conflict,Low-trust conflict,Lower public trust and higher legislature-court conflict.,current-federal-court,Current-style federal supreme court,court_variant,strong_form_court,9600,9600,2652,4281,3061,5319,2652,0,400131,390531,0.504,1.000,0.024,0.715,0.554,0.499,0.026,0.359,0.552,0.814,0.701,0.000,0.780,0.676,0.209,0.373,0.519,0.276,0.361,0.393,0.488,0.421,0.357,0.587,0.545,0.534,0.627,0.800,0.753,0.291,0.312,0.013,0.000,0.000,0.000,0.000,0.000,0.000,0.000,0.000,0.000,0.000,0.000,0.000,0.000,0.000,0.000,0.000,0.000,0.000,0.798,0.622,0.109,0.360,0.285,2.443,0.619,0.571,0.339,0.321,0.161,0.352,0.346,0.211,0.069,0.095,0.176,0.008,0.988,0.928,0.836,0.500,0.308,0.705,0.421,0.383,0.441,0.439,0.456,3472,1457,0.420
low-trust-conflict,Low-trust conflict,Lower public trust and higher legislature-court conflict.,eighteen-year-terms,Staggered 18-year nonrenewable terms,court_variant,strong_form_court,9600,9600,2530,4213,2812,5387,2530,0,400417,390817,0.512,1.000,0.024,0.667,0.561,0.470,0.034,0.377,0.564,0.812,0.651,0.000,0.790,0.685,0.193,0.362,0.530,0.264,0.354,0.401,0.488,0.421,0.357,0.586,0.552,0.525,0.627,0.799,0.848,0.256,0.301,0.013,0.000,0.000,0.000,0.000,0.000,0.000,0.000,0.000,0.000,0.000,0.000,0.000,0.000,0.000,0.000,0.000,0.000,0.000,0.798,0.622,0.272,0.360,0.285,2.443,0.619,0.571,0.340,0.320,0.170,0.349,0.348,0.204,0.076,0.110,0.173,0.009,0.987,0.924,0.829,0.507,0.312,0.705,0.435,0.388,0.443,0.441,0.461,3489,1356,0.389
low-trust-conflict,Low-trust conflict,Lower public trust and higher legislature-court conflict.,fifteen-justice-commission,Fifteen-justice supermajority commission court,court_variant,strong_form_court,9600,9600,3777,1663,786,8383,3777,0,412385,402785,0.581,1.000,0.023,0.473,0.873,0.451,0.663,0.588,0.293,0.864,0.456,0.268,0.874,0.732,0.160,0.065,0.642,0.393,0.271,0.445,0.516,0.421,0.357,0.591,0.609,0.442,0.627,0.789,0.909,0.196,0.281,0.041,0.000,0.000,0.000,0.000,0.000,0.000,0.000,0.000,0.000,0.000,0.000,0.000,0.000,0.000,0.000,0.000,0.000,0.000,0.798,0.622,0.340,0.360,0.285,2.443,0.619,0.571,0.424,0.258,0.156,0.282,0.424,0.185,0.078,0.106,0.222,0.013,0.970,0.908,0.740,0.493,0.365,0.706,0.423,0.442,0.449,0.459,0.476,5463,2034,0.372
low-trust-conflict,Low-trust conflict,Lower public trust and higher legislature-court conflict.,supermajority-invalidation,Supermajority required to invalidate laws,court_variant,strong_form_court,9600,9600,3533,1660,817,8428,3533,0,412361,402761,0.576,1.000,0.023,0.492,0.878,0.419,0.631,0.534,0.302,0.838,0.474,0.294,0.886,0.730,0.174,0.065,0.620,0.368,0.269,0.442,0.506,0.421,0.357,0.590,0.607,0.451,0.626,0.793,0.785,0.248,0.299,0.013,0.000,0.000,0.000,0.000,0.000,0.000,0.000,0.000,0.000,0.000,0.000,0.000,0.000,0.000,0.000,0.000,0.000,0.000,0.798,0.622,0.113,0.360,0.285,2.443,0.619,0.571,0.424,0.264,0.150,0.285,0.425,0.177,0.070,0.100,0.228,0.014,0.969,0.906,0.733,0.473,0.306,0.706,0.401,0.382,0.446,0.495,0.463,5504,1913,0.348
low-trust-conflict,Low-trust conflict,Lower public trust and higher legislature-court conflict.,strict-recusal-court,Strict recusal with substitute justices,court_variant,strong_form_court,9600,9600,3690,1726,803,8383,3690,0,412032,402432,0.586,1.000,0.023,0.465,0.873,0.440,0.713,0.640,0.270,0.840,0.447,0.295,0.874,0.732,0.160,0.064,0.660,0.384,0.270,0.446,0.523,0.421,0.357,0.588,0.612,0.440,0.627,0.793,0.922,0.196,0.279,0.051,0.000,0.000,0.000,0.000,0.000,0.000,0.000,0.000,0.000,0.000,0.000,0.000,0.000,0.000,0.000,0.000,0.000,0.000,0.798,0.622,0.344,0.360,0.285,2.443,0.619,0.571,0.416,0.260,0.157,0.277,0.418,0.180,0.076,0.104,0.224,0.014,0.967,0.904,0.733,0.494,0.364,0.706,0.424,0.441,0.449,0.493,0.482,5459,2004,0.367
low-trust-conflict,Low-trust conflict,Lower public trust and higher legislature-court conflict.,reasoned-emergency-review,Reasoned emergency orders with merits follow-up,court_variant,strong_form_court,9600,9600,4621,1061,542,9600,4621,0,415235,405635,0.594,1.000,0.023,0.511,1.000,0.481,0.882,0.692,0.116,0.869,0.491,1.000,0.879,0.733,0.177,0.003,0.675,0.481,0.263,0.447,0.534,0.421,0.357,0.591,0.616,0.452,0.627,0.791,0.836,0.214,0.287,0.043,0.000,0.000,0.000,0.000,0.000,0.000,0.000,0.000,0.000,0.000,0.000,0.000,0.000,0.000,0.000,0.000,0.000,0.000,0.798,0.622,0.272,0.360,0.285,2.443,0.619,0.571,0.432,0.257,0.157,0.269,0.434,0.188,0.076,0.097,0.238,0.014,0.967,0.909,0.711,0.479,0.311,0.707,0.412,0.388,0.449,0.490,0.466,6264,2519,0.402
low-trust-conflict,Low-trust conflict,Lower public trust and higher legislature-court conflict.,panel-en-banc-review,Panel review with en banc safety valve,court_variant,strong_form_court,9600,9600,3847,1719,839,8375,3847,0,412114,402514,0.576,1.000,0.023,0.488,0.872,0.459,0.697,0.635,0.285,0.838,0.463,0.287,0.868,0.731,0.159,0.066,0.653,0.401,0.272,0.445,0.522,0.421,0.357,0.582,0.609,0.439,0.626,0.792,0.931,0.179,0.265,0.042,0.862,0.000,0.000,0.000,0.000,0.000,0.000,0.000,0.000,0.000,0.000,0.000,0.000,0.000,0.000,0.000,0.000,0.000,0.798,0.622,0.344,0.360,0.285,2.443,0.619,0.571,0.416,0.264,0.160,0.286,0.424,0.178,0.078,0.109,0.227,0.014,0.968,0.907,0.730,0.706,0.439,0.706,0.462,0.511,0.526,0.487,0.521,5472,2107,0.385
low-trust-conflict,Low-trust conflict,Lower public trust and higher legislature-court conflict.,dual-cross-checking-courts,Dual supreme courts with cross-checking invalidations,court_variant,strong_form_court,9600,9600,3478,767,310,9600,3478,0,416510,406910,0.586,1.000,0.023,0.404,1.000,0.362,0.855,0.720,0.155,0.889,0.396,1.000,0.904,0.742,0.145,0.004,0.684,0.362,0.267,0.453,0.526,0.421,0.357,0.562,0.610,0.601,0.623,0.806,0.899,0.158,0.270,0.072,0.000,1.000,0.000,0.000,0.000,0.000,0.000,0.000,0.000,0.000,0.000,0.000,0.000,0.000,0.000,0.000,0.000,0.000,0.798,0.622,0.342,0.360,0.285,2.443,0.619,0.571,0.431,0.256,0.154,0.269,0.435,0.177,0.075,0.101,0.233,0.016,0.957,0.893,0.703,0.875,0.519,0.707,0.567,0.588,0.576,0.626,0.595,6264,1888,0.301
low-trust-conflict,Low-trust conflict,Lower public trust and higher legislature-court conflict.,constitutional-council,Pre-enactment constitutional council,court_variant,strong_form_court,9600,9600,2881,1685,761,8403,2881,0,412241,402641,0.585,1.000,0.023,0.452,0.875,0.343,0.727,0.703,0.251,0.845,0.430,0.290,0.941,0.736,0.139,0.062,0.685,0.300,0.259,0.448,0.525,0.421,0.357,0.575,0.608,0.667,0.626,0.799,0.925,0.131,0.246,0.072,0.000,0.000,1.000,0.000,0.000,0.000,0.000,0.000,0.000,0.000,0.000,0.000,0.000,0.000,0.000,0.000,0.000,0.000,0.798,0.622,0.538,0.360,0.285,2.443,0.619,0.571,0.427,0.253,0.150,0.281,0.442,0.172,0.069,0.101,0.240,0.017,0.948,0.886,0.702,0.747,0.444,0.706,0.485,0.515,0.517,0.569,0.539,5455,1558,0.286
low-trust-conflict,Low-trust conflict,Lower public trust and higher legislature-court conflict.,legislative-override-court,Judicial review with delayed legislative override,court_variant,strong_form_court,9600,9600,3929,1650,829,8418,3929,269,412437,402837,0.561,1.000,0.023,0.502,0.877,0.467,0.658,0.584,0.288,0.844,0.474,0.284,0.860,0.725,0.172,0.065,0.635,0.409,0.281,0.448,0.519,0.421,0.357,0.586,0.604,0.438,0.627,0.797,0.908,0.223,0.286,0.041,0.000,0.000,0.000,0.068,0.000,0.000,0.027,0.066,0.601,0.000,0.000,0.000,0.000,0.000,0.000,0.000,0.000,0.000,0.798,0.622,0.288,0.360,0.285,2.443,0.619,0.571,0.410,0.265,0.162,0.285,0.410,0.182,0.077,0.103,0.225,0.013,0.972,0.910,0.751,0.486,0.312,0.706,0.418,0.388,0.449,0.519,0.472,5502,2138,0.389
low-trust-conflict,Low-trust conflict,Lower public trust and higher legislature-court conflict.,accountability-retention-court,Retention-election accountability court,court_variant,strong_form_court,9600,9600,2789,1620,582,8429,2789,503,412499,402899,0.573,1.000,0.023,0.359,0.878,0.331,0.683,0.588,0.267,0.848,0.338,0.277,0.876,0.721,0.149,0.059,0.655,0.291,0.269,0.459,0.516,0.421,0.357,0.583,0.612,0.409,0.627,0.798,0.800,0.246,0.254,0.043,0.000,0.000,0.000,0.180,0.000,0.000,0.052,0.180,0.601,0.000,0.000,0.000,0.000,0.000,0.000,0.000,0.000,0.000,0.798,0.622,0.697,0.360,0.285,2.443,0.619,0.571,0.401,0.270,0.149,0.285,0.408,0.178,0.070,0.098,0.217,0.015,0.955,0.890,0.727,0.506,0.323,0.706,0.454,0.399,0.454,0.546,0.487,5486,1496,0.273
low-trust-conflict,Low-trust conflict,Lower public trust and higher legislature-court conflict.,independence-accountability-hybrid,Hybrid court balancing independence and accountability,court_variant,strong_form_court,9600,9600,3740,1065,469,9600,3740,0,415131,405531,0.599,1.000,0.023,0.440,1.000,0.390,0.887,0.715,0.135,0.854,0.426,1.000,0.907,0.740,0.149,0.003,0.687,0.390,0.251,0.452,0.529,0.421,0.357,0.568,0.624,0.437,0.624,0.805,0.932,0.141,0.256,0.052,0.843,0.000,0.000,0.000,0.000,0.000,0.000,0.000,0.000,0.000,0.000,0.000,0.000,0.000,0.000,0.000,0.000,0.000,0.798,0.622,0.348,0.360,0.285,2.443,0.619,0.571,0.433,0.242,0.153,0.273,0.446,0.173,0.074,0.099,0.246,0.016,0.953,0.896,0.696,0.699,0.463,0.707,0.458,0.535,0.526,0.642,0.552,6264,2020,0.322
low-trust-conflict,Low-trust conflict,Lower public trust and higher legislature-court conflict.,weak-form-review,Weak-form review with legislative reply,synthetic_mechanism,weak_form_review,9600,9600,0,1626,674,8452,0,0,11105,1505,0.645,1.000,0.864,0.415,0.880,0.000,0.724,0.692,0.255,0.846,0.397,0.294,0.958,0.709,0.124,0.059,0.674,0.000,0.222,0.476,0.565,0.529,0.357,0.615,0.657,0.177,0.661,0.830,0.948,0.104,0.261,0.043,0.000,0.000,0.000,0.000,0.392,0.000,0.409,0.000,0.476,0.000,0.000,0.000,0.000,0.000,0.000,0.000,0.000,0.000,0.798,0.622,0.301,0.360,0.285,2.443,0.619,0.571,0.473,0.186,0.135,0.259,0.467,0.136,0.055,0.000,0.281,0.026,0.646,0.674,0.592,0.486,0.312,0.413,0.296,0.324,0.417,0.415,0.366,5517,0,0.000
low-trust-conflict,Low-trust conflict,Lower public trust and higher legislature-court conflict.,suspended-declaration-review,Suspended declarations of invalidity,synthetic_mechanism,suspended_declaration,9600,9600,4648,1101,526,9600,4648,0,10680,1080,0.628,1.000,0.899,0.478,1.000,0.484,0.862,0.658,0.124,0.863,0.458,1.000,0.920,0.687,0.156,0.003,0.691,0.484,0.271,0.487,0.580,0.531,0.357,0.603,0.637,0.208,0.607,0.909,0.932,0.160,0.261,0.042,0.000,0.000,0.000,0.000,0.000,0.484,0.489,1.000,0.372,0.603,0.000,0.000,0.000,0.000,0.000,0.000,0.000,0.000,0.798,0.622,0.350,0.360,0.285,2.443,0.619,0.571,0.430,0.250,0.168,0.269,0.444,0.180,0.087,0.115,0.234,0.014,0.968,0.908,0.711,0.485,0.330,0.465,0.296,0.354,0.426,0.458,0.389,6264,2540,0.405
low-trust-conflict,Low-trust conflict,Lower public trust and higher legislature-court conflict.,override-clause-review,Strong-form review with explicit override clause,synthetic_mechanism,legislative_override_clause,9600,9600,3693,1679,788,8400,3693,0,84798,75198,0.569,1.000,0.113,0.469,0.875,0.440,0.678,0.624,0.309,0.837,0.452,0.285,0.879,0.731,0.160,0.064,0.663,0.385,0.253,0.446,0.519,0.432,0.357,0.597,0.614,0.375,0.615,0.935,0.922,0.196,0.281,0.042,0.000,0.000,0.000,0.000,0.000,0.000,0.170,0.442,0.671,0.000,0.000,0.000,0.000,0.000,0.000,0.000,0.000,0.000,0.798,0.622,0.295,0.360,0.285,2.443,0.619,0.571,0.411,0.264,0.159,0.288,0.422,0.184,0.073,0.101,0.223,0.014,0.965,0.904,0.729,0.487,0.312,0.596,0.358,0.364,0.435,0.488,0.430,5470,1988,0.363
low-trust-conflict,Low-trust conflict,Lower public trust and higher legislature-court conflict.,pre-enactment-review,Pre-enactment review before laws take effect,synthetic_mechanism,pre_enactment_review,9600,9600,2673,1718,695,8359,2673,0,11301,1701,0.602,1.000,0.849,0.405,0.871,0.320,0.725,0.726,0.260,0.864,0.388,0.278,0.945,0.754,0.133,0.062,0.685,0.278,0.256,0.450,0.521,0.528,0.357,0.592,0.621,0.516,0.563,0.905,0.914,0.121,0.258,0.070,0.000,0.000,1.000,0.000,0.000,0.000,0.000,0.000,0.000,0.000,0.280,0.000,0.000,0.744,0.958,0.000,0.000,0.000,0.798,0.622,0.541,0.360,0.285,2.443,0.619,0.571,0.431,0.250,0.149,0.279,0.432,0.176,0.069,0.105,0.231,0.018,0.940,0.879,0.692,0.748,0.444,0.420,0.364,0.452,0.478,0.523,0.443,5463,1451,0.266
low-trust-conflict,Low-trust conflict,Lower public trust and higher legislature-court conflict.,abstract-review-tribunal,Abstract review tribunal,synthetic_mechanism,abstract_review,9600,9600,4202,761,364,9600,4202,0,10363,763,0.603,1.000,0.926,0.478,1.000,0.438,0.841,0.699,0.110,0.880,0.460,1.000,0.897,0.757,0.162,0.004,0.680,0.438,0.257,0.451,0.529,0.533,0.357,0.591,0.628,0.316,0.548,0.976,0.884,0.159,0.266,0.071,0.844,0.000,0.000,0.000,0.000,0.000,0.000,0.000,0.000,0.000,0.280,0.000,0.000,0.744,0.958,0.000,0.000,0.000,0.798,0.622,0.338,0.360,0.285,2.443,0.619,0.571,0.432,0.251,0.152,0.266,0.441,0.180,0.074,0.099,0.243,0.016,0.960,0.901,0.702,0.700,0.439,0.452,0.331,0.456,0.491,0.532,0.445,6264,2284,0.365
low-trust-conflict,Low-trust conflict,Lower public trust and higher legislature-court conflict.,ombudsman-triggered-review,Ombudsman-triggered constitutional review,synthetic_mechanism,ombudsman_triggered_review,9600,9600,4116,1639,851,8431,4116,0,1049665,1040065,0.578,1.000,0.009,0.519,0.878,0.488,0.719,0.697,0.256,0.842,0.502,0.287,0.870,0.728,0.162,0.063,0.664,0.429,0.275,0.444,0.529,0.419,0.357,0.582,0.600,0.531,0.587,0.848,0.936,0.161,0.251,0.042,0.000,0.000,0.000,0.000,0.000,0.000,0.000,0.000,0.000,0.000,0.000,0.267,0.000,0.000,0.000,0.000,0.000,0.000,0.798,0.622,0.357,0.360,0.285,2.443,0.619,0.571,0.414,0.263,0.158,0.285,0.423,0.179,0.077,0.103,0.224,0.013,0.971,0.908,0.740,0.491,0.334,0.891,0.461,0.451,0.471,0.493,0.522,5516,2249,0.408
low-trust-conflict,Low-trust conflict,Lower public trust and higher legislature-court conflict.,constitutional-public-defender,Constitutional public defender access model,synthetic_mechanism,constitutional_public_defender,9600,9600,4865,1058,559,9600,4865,0,1153606,1144006,0.588,1.000,0.008,0.528,1.000,0.507,0.865,0.674,0.112,0.853,0.506,1.000,0.873,0.768,0.174,0.004,0.676,0.507,0.265,0.448,0.533,0.419,0.357,0.580,0.614,0.520,0.615,0.819,0.931,0.181,0.250,0.042,0.000,0.000,0.000,0.000,0.000,0.000,0.000,0.000,0.000,0.000,0.000,0.000,0.343,0.000,0.000,0.000,0.000,0.000,0.798,0.622,0.352,0.360,0.285,2.443,0.619,0.571,0.416,0.254,0.166,0.280,0.431,0.191,0.082,0.106,0.229,0.013,0.972,0.914,0.725,0.485,0.335,0.872,0.460,0.448,0.471,0.527,0.524,6264,2645,0.422
low-trust-conflict,Low-trust conflict,Lower public trust and higher legislature-court conflict.,rights-impact-statement-review,Rights-impact statements before review,synthetic_mechanism,rights_impact_statement,9600,9600,2441,1676,655,8408,2441,0,11258,1658,0.635,1.000,0.853,0.391,0.876,0.290,0.754,0.739,0.258,0.841,0.365,0.289,0.947,0.801,0.127,0.059,0.704,0.254,0.252,0.450,0.523,0.528,0.357,0.591,0.643,0.507,0.682,0.781,0.835,0.112,0.243,0.072,0.000,0.000,1.000,0.000,0.000,0.000,0.000,0.000,0.000,0.000,1.000,0.000,0.000,0.744,0.958,0.000,0.000,0.000,0.798,0.622,0.556,0.360,0.285,2.443,0.619,0.571,0.430,0.244,0.148,0.279,0.448,0.160,0.068,0.101,0.246,0.019,0.927,0.868,0.677,0.744,0.418,0.441,0.364,0.431,0.481,0.540,0.444,5484,1307,0.238
low-trust-conflict,Low-trust conflict,Lower public trust and higher legislature-court conflict.,mandatory-legislative-response,Mandatory legislative response cycles,synthetic_mechanism,mandatory_legislative_response,9600,9600,4030,1063,391,9600,4030,278,10651,1051,0.612,1.000,0.901,0.368,1.000,0.420,0.873,0.715,0.111,0.864,0.334,1.000,0.908,0.705,0.137,0.003,0.715,0.420,0.221,0.459,0.534,0.532,0.357,0.602,0.635,0.224,0.599,0.985,0.923,0.133,0.247,0.043,0.000,0.000,0.000,0.069,0.000,0.000,0.431,1.000,0.494,0.000,0.000,0.000,0.000,0.000,0.000,0.000,0.000,0.000,0.798,0.622,0.371,0.360,0.285,2.443,0.619,0.571,0.414,0.253,0.167,0.270,0.442,0.171,0.079,0.108,0.238,0.019,0.938,0.890,0.653,0.484,0.314,0.487,0.297,0.342,0.426,0.521,0.401,6264,2194,0.350
