scenarioKey,scenarioKind,primaryReviewMechanism,mechanismFamily,realWorldAnalogueStatus,legalTransplantFeasibility,politicalCultureFit,implementationCostConcern,description
weak-form-review,SYNTHETIC_MECHANISM,WEAK_FORM_REVIEW,dialogic review,synthetic mechanism inspired by weak-form systems but not a country preset,0.72,0.74,medium,Nonbinding declaration model that depends on legislative reply rather than automatic judicial veto.
suspended-declaration-review,SYNTHETIC_MECHANISM,SUSPENDED_DECLARATION,delayed remedy,synthetic mechanism with comparative analogues in remedial constitutionalism,0.62,0.64,medium-high,Invalidity is found but effect is delayed so the legislature can repair the defect.
override-clause-review,SYNTHETIC_MECHANISM,LEGISLATIVE_OVERRIDE_CLAUSE,override review,synthetic mechanism with Canadian-style analogue but no country-specific calibration,0.66,0.62,medium,Strong-form review is paired with an explicit legislative override route.
pre-enactment-review,SYNTHETIC_MECHANISM,PRE_ENACTMENT_REVIEW,front-end screening,synthetic mechanism inspired by council review but not a French preset,0.52,0.60,medium-high,Laws are screened before taking effect to reduce downstream invalidation and emergency litigation.
abstract-review-tribunal,SYNTHETIC_MECHANISM,ABSTRACT_REVIEW,abstract review,synthetic mechanism with civil-law constitutional-court analogues,0.50,0.56,high,High-salience constitutional questions can be reviewed outside ordinary final appellate posture.
ombudsman-triggered-review,SYNTHETIC_MECHANISM,OMBUDSMAN_TRIGGERED_REVIEW,access intermediary,synthetic access mechanism not treated as a real-world preset,0.58,0.66,medium,Ombudsman screening can trigger review for high-rights-risk or low-support claims.
constitutional-public-defender,SYNTHETIC_MECHANISM,CONSTITUTIONAL_PUBLIC_DEFENDER,access support,synthetic access mechanism not treated as a real-world preset,0.64,0.70,medium,Public-defender support increases access and argument quality for high-rights-risk cases.
rights-impact-statement-review,SYNTHETIC_MECHANISM,RIGHTS_IMPACT_STATEMENT,legislative prevention,synthetic front-end legislative review mechanism,0.78,0.76,medium,Legislative rights-impact statements reduce unexamined rights conflicts before judicial review.
mandatory-legislative-response,SYNTHETIC_MECHANISM,MANDATORY_LEGISLATIVE_RESPONSE,dialogic response cycle,synthetic mechanism combining declarations with mandatory legislative reply,0.60,0.64,medium-high,Adverse constitutional findings trigger a modeled legislative response cycle instead of ending at judicial veto.
